#VRML V2.0 utf8
# 3D model generated by easyeda2kicad.py (https://github.com/uPesy/easyeda2kicad.py)

Shape{
    appearance Appearance {
        material  Material 	{
            diffuseColor 0.20784313725490197 0.20784313725490197 0.20784313725490197
            specularColor 0.01568627450980392 0.01568627450980392 0.01568627450980392
            ambientIntensity 0.298
            transparency 0.0
            shininess 0.5
        }
    }
    geometry IndexedFaceSet {
        ccw TRUE
        solid FALSE
        coord DEF co Coordinate {
            point [
                1.6851 -0.6635 4.0551, 1.7398 -0.5028 4.0551, 0.9299 1.554 4.0551, 1.0714 -1.4601 4.0551, 0.9299 -1.554 4.0551, 0.7874 1.6309 4.0551, 0.7874 -1.6309 4.0551, 1.2034 -1.3534 4.0551, 1.3248 -1.2348 4.0551, 1.4346 -1.1053 4.0551, 1.5318 -0.9661 4.0551, 1.6156 -0.8184 4.0551, 1.7793 -0.3377 4.0551, 1.8031 -0.1696 4.0551, 1.811 0.0 4.0551, 1.8031 0.1696 4.0551, 1.7793 0.3377 4.0551, 1.5318 0.9661 4.0551, 1.7398 0.5028 4.0551, 1.6156 0.8184 4.0551, 1.6851 0.6635 4.0551, 1.4346 1.1053 4.0551, 1.3248 1.2348 4.0551, 1.2034 1.3534 4.0551, 1.0714 1.4601 4.0551
            ]
        }
        coordIndex [
            0,1,2,-1,3,2,4,-1,4,2,5,-1,4,5,6,-1,3,7,2,-1,2,7,8,-1,2,8,9,-1,9,10,2,-1,2,10,11,-1,2,11,0,-1,1,12,2,-1,2,12,13,-1,2,13,14,-1,15,16,17,-1,17,16,18,-1,17,18,19,-1,19,18,20,-1,15,17,14,-1,14,17,21,-1,14,21,22,-1,22,23,14,-1,14,23,24,-1,14,24,2,-1,
        ]
    }
}
Shape{
    appearance Appearance {
        material  Material 	{
            diffuseColor 0.6666666666666666 0.6666666666666666 0.6666666666666666
            specularColor 0.4666666666666667 0.4666666666666667 0.4666666666666667
            ambientIntensity 0.6667
            transparency 0.0
            shininess 0.5
        }
    }
    geometry IndexedFaceSet {
        ccw TRUE
        solid FALSE
        coord DEF co Coordinate {
            point [
                -1.8596 0.6457 0.3543, -1.7569 0.8878 0.3543, -1.0433 0.187 0.3543, 1.8986 -0.5201 0.3543, 1.8123 -0.7685 0.3543, 1.0433 -0.187 0.3543, 1.6937 -1.0032 0.3543, 0.9252 -0.187 0.3543, 1.5449 -1.22 0.3543, 1.3685 -1.415 0.3543, 1.1677 -1.5848 0.3543, 0.946 -1.7263 0.3543, 0.7075 -1.837 0.3543, 1.0433 0.187 0.3543, 1.8123 0.7685 0.3543, 1.8986 0.5201 0.3543, 0.4563 -1.9149 0.3543, 0.197 -1.9586 0.3543, -0.0658 -1.9674 0.3543, -0.3274 -1.9411 0.3543, -0.5832 -1.8801 0.3543, -0.8286 -1.7856 0.3543, 0.4563 1.9149 0.3543, 0.7075 1.837 0.3543, 0.9252 0.187 0.3543, 0.946 1.7263 0.3543, 1.1677 1.5848 0.3543, -1.2709 -1.5033 0.3543, -0.9252 -0.187 0.3543, -1.0592 -1.6592 0.3543, -0.9252 0.187 0.3543, 1.9509 0.2624 0.3543, 1.9685 0.0 0.3543, 1.9509 -0.2624 0.3543, -0.3274 1.9411 0.3543, -0.0658 1.9674 0.3543, 0.197 1.9586 0.3543, 1.3685 1.415 0.3543, 1.5449 1.22 0.3543, 1.6937 1.0032 0.3543, -1.4599 1.3204 0.3543, -1.2709 1.5033 0.3543, -1.8596 -0.6457 0.3543, -1.9291 -0.3921 0.3543, -1.0433 -0.187 0.3543, -1.6229 1.1141 0.3543, -1.0592 1.6592 0.3543, -0.8286 1.7856 0.3543, -0.5832 1.8801 0.3543, -1.4599 -1.3204 0.3543, -1.6229 -1.1141 0.3543, -1.7569 -0.8878 0.3543, -1.9641 -0.1315 0.3543, -1.9641 0.1315 0.3543, -1.9291 0.3921 0.3543, -1.7931 -0.2539 4.0551, -1.7615 -0.4207 4.0551, -0.7028 1.6691 4.0551, -0.3793 1.7709 4.0551, -0.5435 1.7276 4.0551, 0.7803 -1.6343 4.0551, 0.6238 -1.7002 4.0551, -1.809 -0.0849 4.0551, 0.7874 -1.6309 4.0551, 0.7874 1.6309 4.0551, 0.7803 1.6343 4.0551, 0.6238 1.7002 4.0551, -1.0017 1.5088 4.0551, -1.1386 1.4083 4.0551, -1.809 0.0849 4.0551, -1.2655 1.2955 4.0551, -1.3812 1.1713 4.0551, -1.4849 1.0368 4.0551, -1.5754 0.8932 4.0551, -1.6521 0.7418 4.0551, -1.7143 -0.5838 4.0551, -1.6521 -0.7418 4.0551, -1.5754 -0.8932 4.0551, 0.4619 1.7511 4.0551, 0.2959 1.7867 4.0551, 0.1273 1.8065 4.0551, -0.0425 1.8105 4.0551, -0.2118 1.7986 4.0551, -0.8561 1.5959 4.0551, -0.8561 -1.5959 4.0551, -0.7028 -1.6691 4.0551, -0.2118 -1.7986 4.0551, -0.0425 -1.8105 4.0551, 0.1273 -1.8065 4.0551, -1.7143 0.5838 4.0551, -1.7615 0.4207 4.0551, -1.7931 0.2539 4.0551, -1.4849 -1.0368 4.0551, -1.3812 -1.1713 4.0551, -1.2655 -1.2955 4.0551, -0.5435 -1.7276 4.0551, -0.3793 -1.7709 4.0551, 0.2959 -1.7867 4.0551, 0.4619 -1.7511 4.0551, -1.1386 -1.4083 4.0551, -1.0017 -1.5088 4.0551, 1.6921 1.0023 3.8976, 1.6605 1.0472 3.9384, 1.756 0.8896 3.8976, 1.7513 0.8871 3.9384, 1.8107 0.7678 3.8976, 1.8266 0.7193 3.9384, 1.8316 0.7212 3.8976, 1.886 0.545 3.9384, 1.8911 0.5465 3.8976, 1.665 1.0501 3.8976, 1.5594 1.2014 3.8976, 1.5551 1.1981 3.9384, 1.5441 1.2194 3.8976, 1.4361 1.3385 3.9384, 1.44 1.3421 3.8976, 1.3044 1.4671 3.9384, 1.367 1.4135 3.8976, 1.308 1.4711 3.8976, 1.1676 1.5846 3.8976, 1.1613 1.5828 3.9384, 1.1645 1.5871 3.8976, 1.0108 1.6892 3.8976, 1.008 1.6846 3.9384, 0.945 1.7244 3.8976, 0.8458 1.7716 3.9384, 0.8482 1.7764 3.8976, 0.6762 1.843 3.9384, 0.707 1.8358 3.8976, 0.6781 1.848 3.8976, 0.5021 1.9034 3.8976, 0.5007 1.8982 3.9384, 0.456 1.9133 3.8976, 0.3207 1.9368 3.9384, 0.3216 1.9421 3.8976, 0.138 1.9583 3.9384, 0.1968 1.9567 3.8976, 0.1383 1.9636 3.8976, -0.0461 1.968 3.8976, -0.046 1.9626 3.9384, -0.0657 1.9666 3.8976, -0.2296 1.9497 3.9384, -0.2302 1.955 3.8976, -0.4112 1.9196 3.9384, -0.3271 1.939 3.8976, -0.4123 1.9248 3.8976, -0.5831 1.8798 3.8976, -0.5891 1.8727 3.9384, -0.5907 1.8778 3.8976, -0.764 1.8142 3.8976, -0.7619 1.8093 3.9384, -0.8277 1.7838 3.8976, -0.928 1.73 3.9384, -0.9305 1.7347 3.8976, -1.0859 1.6355 3.9384, -1.0585 1.6581 3.8976, -1.0888 1.6399 3.8976, -1.2376 1.5308 3.8976, -1.2343 1.5266 3.9384, -1.2699 1.5021 3.8976, -1.3718 1.4043 3.9384, -1.3755 1.4082 3.8976, -1.4973 1.2697 3.9384, -1.4585 1.3191 3.8976, -1.5013 1.2732 3.8976, -1.614 1.127 3.8976, -1.6096 1.1239 3.9384, -1.6223 1.1137 3.8976, -1.7077 0.9683 3.9384, -1.7124 0.9709 3.8976, -1.7909 0.8041 3.9384, -1.755 0.8868 3.8976, -1.7958 0.8063 3.8976, -1.8591 0.6455 3.8976, -1.8583 0.6328 3.9384, -1.8634 0.6346 3.8976, -1.9147 0.4573 3.8976, -1.9094 0.456 3.9384, -1.9271 0.3917 3.8976, -1.9437 0.2752 3.9384, -1.9491 0.276 3.8976, -1.961 0.092 3.9384, -1.9627 0.1313 3.8976, -1.9663 0.0923 3.8976, -1.9663 -0.0923 3.8976, -1.961 -0.092 3.9384, -1.9627 -0.1313 3.8976, -1.9437 -0.2752 3.9384, -1.9491 -0.276 3.8976, -1.9094 -0.456 3.9384, -1.9271 -0.3917 3.8976, -1.9147 -0.4573 3.8976, -1.8634 -0.6346 3.8976, -1.8583 -0.6328 3.9384, -1.8591 -0.6455 3.8976, -1.7909 -0.8041 3.9384, -1.7958 -0.8063 3.8976, -1.755 -0.8868 3.8976, -1.7077 -0.9683 3.9384, -1.7124 -0.9709 3.8976, -1.6223 -1.1137 3.8976, -1.6096 -1.1239 3.9384, -1.614 -1.127 3.8976, -1.5013 -1.2732 3.8976, -1.4973 -1.2697 3.9384, -1.4585 -1.3191 3.8976, -1.3718 -1.4043 3.9384, -1.3755 -1.4082 3.8976, -1.2343 -1.5266 3.9384, -1.2699 -1.5021 3.8976, -1.2376 -1.5308 3.8976, -1.0888 -1.6399 3.8976, -1.0859 -1.6355 3.9384, -1.0585 -1.6581 3.8976, -0.928 -1.73 3.9384, -0.9305 -1.7347 3.8976, -0.7619 -1.8093 3.9384, -0.8277 -1.7838 3.8976, -0.764 -1.8142 3.8976, -0.5907 -1.8778 3.8976, -0.5891 -1.8727 3.9384, -0.5831 -1.8798 3.8976, -0.4112 -1.9196 3.9384, -0.4123 -1.9248 3.8976, -0.3271 -1.939 3.8976, -0.2296 -1.9497 3.9384, -0.2302 -1.955 3.8976, -0.0657 -1.9666 3.8976, -0.046 -1.9626 3.9384, -0.0461 -1.968 3.8976, 0.1383 -1.9636 3.8976, 0.138 -1.9583 3.9384, 0.1968 -1.9567 3.8976, 0.3207 -1.9368 3.9384, 0.3216 -1.9421 3.8976, 0.5007 -1.8982 3.9384, 0.456 -1.9133 3.8976, 0.5021 -1.9034 3.8976, 0.6781 -1.848 3.8976, 0.6762 -1.843 3.9384, 0.707 -1.8358 3.8976, 0.8458 -1.7716 3.9384, 0.8482 -1.7764 3.8976, 0.945 -1.7244 3.8976, 1.008 -1.6846 3.9384, 1.0108 -1.6892 3.8976, 1.1645 -1.5871 3.8976, 1.1613 -1.5828 3.9384, 1.1676 -1.5846 3.8976, 1.3044 -1.4671 3.9384, 1.308 -1.4711 3.8976, 1.367 -1.4135 3.8976, 1.4361 -1.3385 3.9384, 1.44 -1.3421 3.8976, 1.5441 -1.2194 3.8976, 1.5551 -1.1981 3.9384, 1.5594 -1.2014 3.8976, 1.665 -1.0501 3.8976, 1.6605 -1.0472 3.9384, 1.6921 -1.0023 3.8976, 1.7513 -0.8871 3.9384, 1.756 -0.8896 3.8976, 1.8266 -0.7193 3.9384, 1.8107 -0.7678 3.8976, 1.8316 -0.7212 3.8976, 1.8911 -0.5465 3.8976, 1.886 -0.545 3.9384, 1.8975 -0.5198 3.8976, 1.9287 -0.366 3.9384, 1.934 -0.367 3.8976, 1.9545 -0.1838 3.9384, 1.9488 -0.2621 3.8976, 1.9599 -0.1843 3.8976, 1.9685 0.0 3.8976, 1.9631 0.0 3.9384, 1.9599 0.1843 3.8976, 1.9545 0.1838 3.9384, 1.9488 0.2621 3.8976, 1.9287 0.366 3.9384, 1.934 0.367 3.8976, 1.8975 0.5198 3.8976, 0.8391 -1.7574 3.9764, 0.6708 -1.8282 3.9764, 0.4967 -1.883 3.9764, 0.3182 -1.9212 3.9764, 0.1369 -1.9426 3.9764, -0.0457 -1.9469 3.9764, -0.2278 -1.934 3.9764, -0.4079 -1.9042 3.9764, -0.5844 -1.8577 3.9764, -0.7558 -1.7948 3.9764, -0.9205 -1.7161 3.9764, -1.0772 -1.6224 3.9764, -1.2244 -1.5144 3.9764, -1.3608 -1.3931 3.9764, -1.4853 -1.2595 3.9764, -1.5967 -1.1149 3.9764, -1.6941 -0.9605 3.9764, -1.7766 -0.7976 3.9764, -1.8434 -0.6278 3.9764, -1.8941 -0.4524 3.9764, -1.9282 -0.273 3.9764, -1.9453 -0.0913 3.9764, -1.9453 0.0913 3.9764, -1.9282 0.273 3.9764, -1.8941 0.4524 3.9764, -1.8434 0.6278 3.9764, -1.7766 0.7976 3.9764, -1.6941 0.9605 3.9764, -1.5967 1.1149 3.9764, -1.4853 1.2595 3.9764, -1.3608 1.3931 3.9764, -1.2244 1.5144 3.9764, -1.0772 1.6224 3.9764, -0.9205 1.7161 3.9764, -0.7558 1.7948 3.9764, -0.5844 1.8577 3.9764, -0.4079 1.9042 3.9764, -0.2278 1.934 3.9764, -0.0457 1.9469 3.9764, 0.1369 1.9426 3.9764, 0.3182 1.9212 3.9764, 0.4967 1.883 3.9764, 0.6708 1.8282 3.9764, 0.8391 1.7574 3.9764, 0.9999 1.6711 3.9764, 1.152 1.5701 3.9764, 1.294 1.4553 3.9764, 1.4246 1.3278 3.9764, 1.5427 1.1885 3.9764, 1.6472 1.0388 3.9764, 1.7372 0.88 3.9764, 1.812 0.7135 3.9764, 1.8708 0.5407 3.9764, 1.9133 0.3631 3.9764, 1.9388 0.1824 3.9764, 1.9474 0.0 3.9764, 1.9388 -0.1824 3.9764, 1.9133 -0.3631 3.9764, 1.8708 -0.5407 3.9764, 1.812 -0.7135 3.9764, 1.7372 -0.88 3.9764, 1.6472 -1.0388 3.9764, 1.5427 -1.1885 3.9764, 1.4246 -1.3278 3.9764, 1.294 -1.4553 3.9764, 1.152 -1.5701 3.9764, 0.9999 -1.6711 3.9764, 0.8283 -1.7348 4.009, 0.6622 -1.8047 4.009, 0.4903 -1.8588 4.009, 0.3141 -1.8965 4.009, 0.1351 -1.9176 4.009, -0.0451 -1.9219 4.009, -0.2248 -1.9092 4.009, -0.4026 -1.8797 4.009, -0.5769 -1.8338 4.009, -0.7461 -1.7717 4.009, -0.9087 -1.6941 4.009, -1.0633 -1.6015 4.009, -1.2086 -1.4949 4.009, -1.3433 -1.3752 4.009, -1.4662 -1.2433 4.009, -1.5762 -1.1006 4.009, -1.6723 -0.9481 4.009, -1.7537 -0.7874 4.009, -1.8198 -0.6197 4.009, -1.8698 -0.4466 4.009, -1.9034 -0.2695 4.009, -1.9203 -0.0901 4.009, -1.9203 0.0901 4.009, -1.9034 0.2695 4.009, -1.8698 0.4466 4.009, -1.8198 0.6197 4.009, -1.7537 0.7874 4.009, -1.6723 0.9481 4.009, -1.5762 1.1006 4.009, -1.4662 1.2433 4.009, -1.3433 1.3752 4.009, -1.2086 1.4949 4.009, -1.0633 1.6015 4.009, -0.9087 1.6941 4.009, -0.7461 1.7717 4.009, -0.5769 1.8338 4.009, -0.4026 1.8797 4.009, -0.2248 1.9092 4.009, -0.0451 1.9219 4.009, 0.1351 1.9176 4.009, 0.3141 1.8965 4.009, 0.4903 1.8588 4.009, 0.6622 1.8047 4.009, 0.8283 1.7348 4.009, 0.9871 1.6496 4.009, 1.1372 1.5499 4.009, 1.2774 1.4366 4.009, 1.4063 1.3107 4.009, 1.5228 1.1732 4.009, 1.626 1.0255 4.009, 1.7149 0.8687 4.009, 1.7887 0.7043 4.009, 1.8468 0.5337 4.009, 1.8887 0.3584 4.009, 1.9139 0.18 4.009, 1.9224 0.0 4.009, 1.9139 -0.18 4.009, 1.8887 -0.3584 4.009, 1.8468 -0.5337 4.009, 1.7887 -0.7043 4.009, 1.7149 -0.8687 4.009, 1.626 -1.0255 4.009, 1.5228 -1.1732 4.009, 1.4063 -1.3107 4.009, 1.2774 -1.4366 4.009, 1.1372 -1.5499 4.009, 0.9871 -1.6496 4.009, 0.8142 -1.7054 4.034, 0.651 -1.7741 4.034, 0.482 -1.8273 4.034, 0.3087 -1.8644 4.034, 0.1328 -1.8851 4.034, -0.0443 -1.8892 4.034, -0.221 -1.8768 4.034, -0.3958 -1.8479 4.034, -0.5671 -1.8027 4.034, -0.7334 -1.7416 4.034, -0.8933 -1.6653 4.034, -1.0453 -1.5744 4.034, -1.1881 -1.4696 4.034, -1.3205 -1.3518 4.034, -1.4413 -1.2222 4.034, -1.5494 -1.0819 4.034, -1.6439 -0.9321 4.034, -1.724 -0.774 4.034, -1.7889 -0.6092 4.034, -1.8381 -0.439 4.034, -1.8711 -0.265 4.034, -1.8877 -0.0886 4.034, -1.8877 0.0886 4.034, -1.8711 0.265 4.034, -1.8381 0.439 4.034, -1.7889 0.6092 4.034, -1.724 0.774 4.034, -1.6439 0.9321 4.034, -1.5494 1.0819 4.034, -1.4413 1.2222 4.034, -1.3205 1.3518 4.034, -1.1881 1.4696 4.034, -1.0453 1.5744 4.034, -0.8933 1.6653 4.034, -0.7334 1.7416 4.034, -0.5671 1.8027 4.034, -0.3958 1.8479 4.034, -0.221 1.8768 4.034, -0.0443 1.8892 4.034, 0.1328 1.8851 4.034, 0.3087 1.8644 4.034, 0.482 1.8273 4.034, 0.651 1.7741 4.034, 0.8142 1.7054 4.034, 0.9703 1.6216 4.034, 1.1179 1.5236 4.034, 1.2557 1.4122 4.034, 1.3824 1.2885 4.034, 1.497 1.1533 4.034, 1.5984 1.0081 4.034, 1.6858 0.854 4.034, 1.7584 0.6924 4.034, 1.8155 0.5247 4.034, 1.8566 0.3524 4.034, 1.8815 0.177 4.034, 1.8898 0.0 4.034, 1.8815 -0.177 4.034, 1.8566 -0.3524 4.034, 1.8155 -0.5247 4.034, 1.7584 -0.6924 4.034, 1.6858 -0.854 4.034, 1.5984 -1.0081 4.034, 1.497 -1.1533 4.034, 1.3824 -1.2885 4.034, 1.2557 -1.4122 4.034, 1.1179 -1.5236 4.034, 0.9703 -1.6216 4.034, 0.7979 -1.6711 4.0498, 0.6379 -1.7385 4.0498, 0.4723 -1.7905 4.0498, 0.3025 -1.8269 4.0498, 0.1301 -1.8472 4.0498, -0.0434 -1.8513 4.0498, -0.2166 -1.8391 4.0498, -0.3878 -1.8107 4.0498, -0.5557 -1.7664 4.0498, -0.7187 -1.7066 4.0498, -0.8753 -1.6318 4.0498, -1.0243 -1.5427 4.0498, -1.1642 -1.44 4.0498, -1.294 -1.3247 4.0498, -1.4123 -1.1977 4.0498, -1.5183 -1.0602 4.0498, -1.6109 -0.9133 4.0498, -1.6893 -0.7585 4.0498, -1.7529 -0.5969 4.0498, -1.8011 -0.4302 4.0498, -1.8335 -0.2596 4.0498, -1.8497 -0.0868 4.0498, -1.8497 0.0868 4.0498, -1.8335 0.2596 4.0498, -1.8011 0.4302 4.0498, -1.7529 0.5969 4.0498, -1.6893 0.7585 4.0498, -1.6109 0.9133 4.0498, -1.5183 1.0602 4.0498, -1.4123 1.1977 4.0498, -1.294 1.3247 4.0498, -1.1642 1.44 4.0498, -1.0243 1.5427 4.0498, -0.8753 1.6318 4.0498, -0.7187 1.7066 4.0498, -0.5557 1.7664 4.0498, -0.3878 1.8107 4.0498, -0.2166 1.8391 4.0498, -0.0434 1.8513 4.0498, 0.1301 1.8472 4.0498, 0.3025 1.8269 4.0498, 0.4723 1.7905 4.0498, 0.6379 1.7385 4.0498, 0.7979 1.6711 4.0498, 0.9508 1.589 4.0498, 1.0955 1.493 4.0498, 1.2305 1.3839 4.0498, 1.3546 1.2626 4.0498, 1.4669 1.1302 4.0498, 1.5663 0.9878 4.0498, 1.6519 0.8368 4.0498, 1.723 0.6785 4.0498, 1.779 0.5141 4.0498, 1.8193 0.3453 4.0498, 1.8436 0.1734 4.0498, 1.8518 0.0 4.0498, 1.8436 -0.1734 4.0498, 1.8193 -0.3453 4.0498, 1.779 -0.5141 4.0498, 1.723 -0.6785 4.0498, 1.6519 -0.8368 4.0498, 1.5663 -0.9878 4.0498, 1.4669 -1.1302 4.0498, 1.3546 -1.2626 4.0498, 1.2305 -1.3839 4.0498, 1.0955 -1.493 4.0498, 0.9508 -1.589 4.0498, 0.9299 -1.554 4.0551, 0.9299 1.554 4.0551, 1.0714 1.4601 4.0551, 1.2034 1.3534 4.0551, 1.3248 1.2348 4.0551, 1.4346 1.1053 4.0551, 1.5318 0.9661 4.0551, 1.6156 0.8184 4.0551, 1.6851 0.6635 4.0551, 1.7398 0.5028 4.0551, 1.7793 0.3377 4.0551, 1.8031 0.1696 4.0551, 1.811 0.0 4.0551, 1.8031 -0.1696 4.0551, 1.7793 -0.3377 4.0551, 1.7398 -0.5028 4.0551, 1.6851 -0.6635 4.0551, 1.6156 -0.8184 4.0551, 1.5318 -0.9661 4.0551, 1.4346 -1.1053 4.0551, 1.3248 -1.2348 4.0551, 1.2034 -1.3534 4.0551, 1.0714 -1.4601 4.0551, 1.9599 -0.1843 1.5484, 1.9685 0.0 1.5484, 1.9599 0.1843 1.5484, 1.9488 0.2621 1.5484, 1.934 0.367 1.5484, 1.8975 0.5198 1.5484, 1.8911 0.5465 1.5484, 1.8316 0.7212 1.5484, 1.8107 0.7678 1.5484, 1.756 0.8896 1.5484, 1.6921 1.0023 1.5484, 1.665 1.0501 1.5484, 1.5594 1.2014 1.5484, 1.5441 1.2194 1.5484, 1.44 1.3421 1.5484, 1.367 1.4135 1.5484, 1.308 1.4711 1.5484, 1.1676 1.5846 1.5484, 1.1645 1.5871 1.5484, 1.0108 1.6892 1.5484, 0.945 1.7244 1.5484, 0.8482 1.7764 1.5484, 0.707 1.8358 1.5484, 0.6781 1.848 1.5484, 0.5021 1.9034 1.5484, 0.456 1.9133 1.5484, 0.3216 1.9421 1.5484, 0.1968 1.9567 1.5484, 0.1383 1.9636 1.5484, -0.0461 1.968 1.5484, -0.0657 1.9666 1.5484, -0.2302 1.955 1.5484, -0.3271 1.939 1.5484, -0.4123 1.9248 1.5484, -0.5831 1.8798 1.5484, -0.5907 1.8778 1.5484, -0.764 1.8142 1.5484, -0.8277 1.7838 1.5484, -0.9305 1.7347 1.5484, -1.0585 1.6581 1.5484, -1.0888 1.6399 1.5484, -1.2376 1.5308 1.5484, -1.2699 1.5021 1.5484, -1.3755 1.4082 1.5484, -1.4585 1.3191 1.5484, -1.5013 1.2732 1.5484, -1.614 1.127 1.5484, -1.6223 1.1137 1.5484, -1.7124 0.9709 1.5484, -1.755 0.8868 1.5484, -1.7958 0.8063 1.5484, -1.8591 0.6455 1.5484, -1.8634 0.6346 1.5484, -1.9147 0.4573 1.5484, -1.9271 0.3917 1.5484, -1.9491 0.276 1.5484, -1.9627 0.1313 1.5484, -1.9663 0.0923 1.5484, -1.9663 -0.0923 1.5484, -1.9627 -0.1313 1.5484, -1.9491 -0.276 1.5484, -1.9271 -0.3917 1.5484, -1.9147 -0.4573 1.5484, -1.8634 -0.6346 1.5484, -1.8591 -0.6455 1.5484, -1.7958 -0.8063 1.5484, -1.755 -0.8868 1.5484, -1.7124 -0.9709 1.5484, -1.6223 -1.1137 1.5484, -1.614 -1.127 1.5484, -1.5013 -1.2732 1.5484, -1.4585 -1.3191 1.5484, -1.3755 -1.4082 1.5484, -1.2699 -1.5021 1.5484, -1.2376 -1.5308 1.5484, -1.0888 -1.6399 1.5484, -1.0585 -1.6581 1.5484, -0.9305 -1.7347 1.5484, -0.8277 -1.7838 1.5484, -0.764 -1.8142 1.5484, -0.5907 -1.8778 1.5484, -0.5831 -1.8798 1.5484, -0.4123 -1.9248 1.5484, -0.3271 -1.939 1.5484, -0.2302 -1.955 1.5484, -0.0657 -1.9666 1.5484, -0.0461 -1.968 1.5484, 0.1383 -1.9636 1.5484, 0.1968 -1.9567 1.5484, 0.3216 -1.9421 1.5484, 0.456 -1.9133 1.5484, 0.5021 -1.9034 1.5484, 0.6781 -1.848 1.5484, 0.707 -1.8358 1.5484, 0.8482 -1.7764 1.5484, 0.945 -1.7244 1.5484, 1.0108 -1.6892 1.5484, 1.1645 -1.5871 1.5484, 1.1676 -1.5846 1.5484, 1.308 -1.4711 1.5484, 1.367 -1.4135 1.5484, 1.44 -1.3421 1.5484, 1.5441 -1.2194 1.5484, 1.5594 -1.2014 1.5484, 1.665 -1.0501 1.5484, 1.6921 -1.0023 1.5484, 1.756 -0.8896 1.5484, 1.8107 -0.7678 1.5484, 1.8316 -0.7212 1.5484, 1.8911 -0.5465 1.5484, 1.8975 -0.5198 1.5484, 1.934 -0.367 1.5484, 1.9488 -0.2621 1.5484, 1.7523 -0.8877 1.5123, 1.4369 -1.3393 1.5123, 1.162 -1.5837 1.5123, 0.8463 -1.7726 1.5123, 0.3209 -1.9379 1.5123, -0.2297 -1.9508 1.5123, -0.5895 -1.8738 1.5123, -0.9285 -1.731 1.5123, -1.3726 -1.4051 1.5123, -1.7087 -0.9688 1.5123, -1.8594 -0.6332 1.5123, -1.9449 -0.2754 1.5123, -1.9449 0.2754 1.5123, -1.792 0.8046 1.5123, -1.7087 0.9688 1.5123, -1.6105 1.1246 1.5123, -1.3726 1.4051 1.5123, -0.9285 1.731 1.5123, -0.4114 1.9207 1.5123, -0.2297 1.9508 1.5123, -0.046 1.9638 1.5123, 0.3209 1.9379 1.5123, 0.8463 1.7726 1.5123, 1.3052 1.4679 1.5123, 1.4369 1.3393 1.5123, 1.7523 0.8877 1.5123, 1.7349 -0.7063 1.4041, 1.7437 -0.6866 1.4041, 1.773 -0.6981 1.4224, -0.3152 -1.8453 1.4041, -0.2192 -1.8612 1.4041, -0.2229 -1.8924 1.4224, -0.4918 -1.8063 1.4041, -0.3925 -1.8325 1.4041, -0.3991 -1.8632 1.4224, -0.6639 -1.7504 1.4041, -0.5624 -1.7876 1.4041, -0.5718 -1.8177 1.4224, -0.8297 -1.6782 1.4041, -0.7273 -1.7271 1.4041, -0.7395 -1.7561 1.4224, -0.9879 -1.5904 1.4041, -0.8858 -1.6514 1.4041, -0.9007 -1.6792 1.4224, -1.1368 -1.4877 1.4041, -1.0366 -1.5612 1.4041, -1.054 -1.5875 1.4224, -1.2752 -1.3711 1.4041, -1.1782 -1.4573 1.4041, -1.198 -1.4818 1.4224, -1.4017 -1.2417 1.4041, -1.3095 -1.3406 1.4041, -1.3315 -1.3631 1.4224, -1.5151 -1.1007 1.4041, -1.4293 -1.2121 1.4041, -1.4533 -1.2324 1.4224, -1.6144 -0.9494 1.4041, -1.5365 -1.0729 1.4041, -1.5623 -1.0909 1.4224, -1.6986 -0.7893 1.4041, -1.6302 -0.9243 1.4041, -1.6576 -0.9398 1.4224, -1.767 -0.6217 1.4041, -1.7096 -0.7676 1.4041, -1.7383 -0.7805 1.4224, -1.819 -0.4483 1.4041, -1.774 -0.6041 1.4041, -1.8038 -0.6143 1.4224, -1.854 -0.2707 1.4041, -1.8227 -0.4353 1.4041, -1.8534 -0.4427 1.4224, -1.8717 -0.0905 1.4041, -1.8555 -0.2627 1.4041, -1.8867 -0.2672 1.4224, -1.8717 0.0905 1.4041, -1.872 0.0878 1.4041, -1.9034 0.0893 1.4224, -1.854 0.2707 1.4041, -1.8555 0.2627 1.4041, -1.8867 0.2672 1.4224, -1.819 0.4483 1.4041, -1.8227 0.4353 1.4041, -1.8534 0.4427 1.4224, -1.767 0.6217 1.4041, -1.774 0.6041 1.4041, -1.8038 0.6143 1.4224, -1.6986 0.7893 1.4041, -1.7096 0.7676 1.4041, -1.7383 0.7805 1.4224, 0.2256 1.8583 1.4041, 0.1317 1.8694 1.4041, 0.1339 1.9008 1.4224, 0.404 1.8279 1.4041, 0.3062 1.8488 1.4041, 0.3113 1.8799 1.4224, 0.5785 1.7804 1.4041, 0.478 1.812 1.4041, 0.486 1.8425 1.4224, 0.7477 1.7163 1.4041, 0.6455 1.7593 1.4041, 0.6564 1.7889 1.4224, 0.9099 1.6362 1.4041, 0.8074 1.6911 1.4041, 0.821 1.7196 1.4224, 1.0636 1.5408 1.4041, 0.9623 1.6081 1.4041, 0.9784 1.6351 1.4224, 1.2074 1.4311 1.4041, 1.1086 1.5109 1.4041, 1.1272 1.5363 1.4224, 1.34 1.3079 1.4041, 1.2452 1.4005 1.4041, 1.2661 1.424 1.4224, 1.4601 1.1726 1.4041, 1.3709 1.2777 1.4041, 1.3939 1.2992 1.4224, 1.5665 1.0263 1.4041, 1.4845 1.1437 1.4041, 1.5095 1.1629 1.4224, 1.6584 0.8704 1.4041, 1.5851 0.9997 1.4041, 1.6117 1.0165 1.4224, 1.7349 0.7063 1.4041, 1.6718 0.8469 1.4041, 1.6998 0.8611 1.4224, 1.7951 0.5356 1.4041, 1.7437 0.6866 1.4041, 1.773 0.6981 1.4224, 1.8386 0.3599 1.4041, 1.8003 0.5203 1.4041, 1.8306 0.529 1.4224, -0.0439 1.8735 1.4041, -0.1356 1.867 1.4041, -0.2229 1.8924 1.4224, -0.2192 1.8612 1.4041, -0.3152 1.8453 1.4041, -0.3991 1.8632 1.4224, -0.3925 1.8325 1.4041, -0.4918 1.8063 1.4041, -0.5718 1.8177 1.4224, -0.5624 1.7876 1.4041, -0.6639 1.7504 1.4041, -0.7395 1.7561 1.4224, -0.7273 1.7271 1.4041, -0.8297 1.6782 1.4041, -0.9007 1.6792 1.4224, -0.8858 1.6514 1.4041, -0.9879 1.5904 1.4041, -1.054 1.5875 1.4224, -1.0366 1.5612 1.4041, -1.1368 1.4877 1.4041, -1.198 1.4818 1.4224, -1.1782 1.4573 1.4041, -1.2752 1.3711 1.4041, -1.3315 1.3631 1.4224, -1.3095 1.3406 1.4041, -1.4017 1.2417 1.4041, -1.4533 1.2324 1.4224, -1.4293 1.2121 1.4041, -1.5151 1.1007 1.4041, -1.5623 1.0909 1.4224, -1.5365 1.0729 1.4041, -1.6144 0.9494 1.4041, -1.6576 0.9398 1.4224, -1.6302 0.9243 1.4041, -0.0439 -1.8735 1.4041, 0.0452 -1.8714 1.4041, 0.1339 -1.9008 1.4224, 0.1317 -1.8694 1.4041, 0.2256 -1.8583 1.4041, 0.3113 -1.8799 1.4224, 0.3062 -1.8488 1.4041, 0.404 -1.8279 1.4041, 0.486 -1.8425 1.4224, 0.478 -1.812 1.4041, 0.5785 -1.7804 1.4041, 0.6564 -1.7889 1.4224, 0.6455 -1.7593 1.4041, 0.7477 -1.7163 1.4041, 0.821 -1.7196 1.4224, 0.8074 -1.6911 1.4041, 0.9099 -1.6362 1.4041, 0.9784 -1.6351 1.4224, 0.9623 -1.6081 1.4041, 1.0636 -1.5408 1.4041, 1.1272 -1.5363 1.4224, 1.1086 -1.5109 1.4041, 1.2074 -1.4311 1.4041, 1.2661 -1.424 1.4224, 1.2452 -1.4005 1.4041, 1.34 -1.3079 1.4041, 1.3939 -1.2992 1.4224, 1.3709 -1.2777 1.4041, 1.4601 -1.1726 1.4041, 1.5095 -1.1629 1.4224, 1.4845 -1.1437 1.4041, 1.5665 -1.0263 1.4041, 1.6117 -1.0165 1.4224, 1.5851 -0.9997 1.4041, 1.6584 -0.8704 1.4041, 1.6998 -0.8611 1.4224, 1.6718 -0.8469 1.4041, 1.7951 -0.5356 1.4041, 1.8003 -0.5203 1.4041, 1.8306 -0.529 1.4224, 1.8386 -0.3599 1.4041, 1.8721 -0.3553 1.4224, 1.8412 -0.3494 1.4041, 1.865 -0.1808 1.4041, 1.8971 -0.1784 1.4224, 1.8412 0.3494 1.4041, 1.8721 0.3553 1.4224, 1.865 0.1808 1.4041, 1.8971 0.1784 1.4224, 1.8658 0.1755 1.4041, 1.9055 0.0 1.4224, 1.874 0.0 1.4041, 1.8658 -0.1755 1.4041, 1.898 0.3602 1.4475, 1.9234 0.1809 1.4475, 1.9319 0.0 1.4475, 1.9234 -0.1809 1.4475, 1.898 -0.3602 1.4475, 1.856 -0.5364 1.4475, 1.9176 0.3639 1.478, 1.9433 0.1828 1.478, 1.9519 0.0 1.478, 1.9433 -0.1828 1.478, 1.9176 -0.3639 1.478, 1.8751 -0.5419 1.478, 1.9298 0.3663 1.5123, 1.9557 0.1839 1.5123, 1.7976 0.7078 1.4475, 1.7234 0.873 1.4475, 1.8162 0.7151 1.478, 1.7412 0.8821 1.478, 1.8277 0.7197 1.5123, 1.5304 1.1791 1.4475, 1.4133 1.3172 1.4475, 1.5462 1.1912 1.478, 1.4279 1.3308 1.478, 1.556 1.1988 1.5123, 0.992 1.6578 1.4475, 0.8324 1.7434 1.4475, 1.0022 1.6749 1.478, 0.841 1.7614 1.478, 1.0086 1.6856 1.5123, 0.4927 1.868 1.4475, 0.3156 1.906 1.4475, 0.4978 1.8873 1.478, 0.3189 1.9256 1.478, 0.501 1.8993 1.5123, -0.7498 1.7805 1.4475, -0.9132 1.7025 1.4475, -0.7575 1.7989 1.478, -0.9226 1.72 1.478, -0.7623 1.8103 1.5123, -1.2146 1.5023 1.4475, -1.35 1.382 1.4475, -1.2272 1.5179 1.478, -1.3639 1.3963 1.478, -1.235 1.5275 1.5123, -1.8791 0.4488 1.4475, -1.9128 0.2709 1.4475, -1.8985 0.4534 1.478, -1.9326 0.2737 1.478, -1.9106 0.4563 1.5123, -1.872 -0.0878 1.4041, -1.9034 -0.0893 1.4224, -1.9298 -0.0906 1.4475, -1.9128 -0.2709 1.4475, -1.9497 -0.0915 1.478, -1.9326 -0.2737 1.478, -1.9621 -0.0921 1.5123, -1.7624 -0.7913 1.4475, -1.6806 -0.9529 1.4475, -1.7806 -0.7995 1.478, -1.6979 -0.9627 1.478, -1.792 -0.8046 1.5123, -1.4734 -1.2495 1.4475, -1.35 -1.382 1.4475, -1.4887 -1.2624 1.478, -1.3639 -1.3963 1.478, -1.4981 -1.2704 1.5123, -1.0686 -1.6095 1.4475, -0.9132 -1.7025 1.4475, -1.0796 -1.6261 1.478, -0.9226 -1.72 1.478, -1.0865 -1.6364 1.5123, -0.4046 -1.8891 1.4475, -0.2259 -1.9187 1.4475, -0.4088 -1.9086 1.478, -0.2283 -1.9385 1.478, -0.4114 -1.9207 1.5123, 0.1358 -1.9271 1.4475, 0.3156 -1.906 1.4475, 0.1372 -1.947 1.478, 0.3189 -1.9256 1.478, 0.138 -1.9594 1.5123, 0.6655 -1.8137 1.4475, 0.8324 -1.7434 1.4475, 0.6724 -1.8324 1.478, 0.841 -1.7614 1.478, 0.6766 -1.8441 1.5123, 1.2837 -1.4437 1.4475, 1.4133 -1.3172 1.4475, 1.297 -1.4587 1.478, 1.4279 -1.3308 1.478, 1.3052 -1.4679 1.5123, 1.6341 -1.0306 1.4475, 1.7234 -0.873 1.4475, 1.651 -1.0412 1.478, 1.7412 -0.8821 1.478, 1.6615 -1.0478 1.5123, 1.9643 0.0 1.5123, 1.9557 -0.1839 1.5123, 1.9298 -0.3663 1.5123, 1.8871 -0.5454 1.5123, 1.8871 0.5454 1.5123, 1.8751 0.5419 1.478, 1.856 0.5364 1.4475, 1.6615 1.0478 1.5123, 1.651 1.0412 1.478, 1.6341 1.0306 1.4475, 1.297 1.4587 1.478, 1.2837 1.4437 1.4475, 1.162 1.5837 1.5123, 1.1547 1.5737 1.478, 1.1429 1.5576 1.4475, 0.6766 1.8441 1.5123, 0.6724 1.8324 1.478, 0.6655 1.8137 1.4475, 0.138 1.9594 1.5123, 0.1372 1.947 1.478, 0.1358 1.9271 1.4475, 0.0452 1.8714 1.4041, -0.0447 1.905 1.4224, -0.0453 1.9314 1.4475, -0.0458 1.9513 1.478, -0.2283 1.9385 1.478, -0.2259 1.9187 1.4475, -0.4088 1.9086 1.478, -0.4046 1.8891 1.4475, -0.5895 1.8738 1.5123, -0.5857 1.8619 1.478, -0.5797 1.8429 1.4475, -1.0865 1.6364 1.5123, -1.0796 1.6261 1.478, -1.0686 1.6095 1.4475, -1.4981 1.2704 1.5123, -1.4887 1.2624 1.478, -1.4734 1.2495 1.4475, -1.584 1.106 1.4475, -1.6003 1.1175 1.478, -1.6979 0.9627 1.478, -1.6806 0.9529 1.4475, -1.7806 0.7995 1.478, -1.7624 0.7913 1.4475, -1.8594 0.6332 1.5123, -1.8477 0.6292 1.478, -1.8288 0.6228 1.4475, -1.9621 0.0921 1.5123, -1.9497 0.0915 1.478, -1.9298 0.0906 1.4475, -1.9106 -0.4563 1.5123, -1.8985 -0.4534 1.478, -1.8791 -0.4488 1.4475, -1.8288 -0.6228 1.4475, -1.8477 -0.6292 1.478, -1.6105 -1.1246 1.5123, -1.6003 -1.1175 1.478, -1.584 -1.106 1.4475, -1.235 -1.5275 1.5123, -1.2272 -1.5179 1.478, -1.2146 -1.5023 1.4475, -0.7623 -1.8103 1.5123, -0.7575 -1.7989 1.478, -0.7498 -1.7805 1.4475, -0.5797 -1.8429 1.4475, -0.5857 -1.8619 1.478, -0.046 -1.9638 1.5123, -0.0458 -1.9513 1.478, -0.0453 -1.9314 1.4475, -0.0447 -1.905 1.4224, -0.1356 -1.867 1.4041, 0.501 -1.8993 1.5123, 0.4978 -1.8873 1.478, 0.4927 -1.868 1.4475, 1.0086 -1.6856 1.5123, 1.0022 -1.6749 1.478, 0.992 -1.6578 1.4475, 1.1429 -1.5576 1.4475, 1.1547 -1.5737 1.478, 1.556 -1.1988 1.5123, 1.5462 -1.1912 1.478, 1.5304 -1.1791 1.4475, 1.8277 -0.7197 1.5123, 1.8162 -0.7151 1.478, 1.7976 -0.7078 1.4475, 1.8135 -0.1758 1.3729, 1.788 -0.35 1.3729, 1.7459 -0.521 1.3729, 1.6875 -0.6871 1.3729, 1.6133 -0.8467 1.3729, 1.524 -0.9985 1.3729, 1.035 -1.4995 1.3729, 0.8854 -1.5923 1.3729, 0.7276 -1.6704 1.3729, 0.563 -1.7328 1.3729, 0.3932 -1.7791 1.3729, 0.2196 -1.8087 1.3729, -1.8198 0.088 1.3729, -1.8029 0.2633 1.3729, -1.769 0.436 1.3729, -1.7187 0.6047 1.3729, -1.6523 0.7678 1.3729, -1.5705 0.9237 1.3729, -1.1062 1.4477 1.3729, -0.9613 1.5477 1.3729, -0.8075 1.6333 1.3729, -0.6461 1.7036 1.3729, -0.4786 1.758 1.3729, -0.3067 1.796 1.3729, -0.132 1.8172 1.3729, 1.4205 -1.1409 1.0023, 1.524 -0.9985 1.0023, 1.4886 -0.9752 1.0458, -1.3638 1.2082 1.0023, -1.474 1.0709 1.0023, -1.4397 1.046 1.0458, 1.2441 -1.3992 0.9711, 1.341 -1.309 0.9711, 1.3038 -1.2727 1.0023, 1.1075 -1.5095 0.9711, 1.2084 -1.4323 0.9711, 1.1749 -1.3926 1.0023, 0.9612 -1.6065 0.9711, 1.0646 -1.5423 0.9711, 1.035 -1.4995 1.0023, 0.8066 -1.6893 0.9711, 0.9107 -1.6378 0.9711, 0.8854 -1.5923 1.0023, 0.6448 -1.7574 0.9711, 0.7484 -1.7181 0.9711, 0.7276 -1.6704 1.0023, 0.4774 -1.81 0.9711, 0.5791 -1.7823 0.9711, 0.563 -1.7328 1.0023, 0.3058 -1.8467 0.9711, 0.4044 -1.8299 0.9711, 0.3932 -1.7791 1.0023, 0.1315 -1.8672 0.9711, 0.2259 -1.8604 0.9711, 0.2196 -1.8087 1.0023, -0.2189 -1.859 0.9711, -0.1357 -1.8691 0.9711, -0.132 -1.8172 1.0023, -0.392 -1.8304 0.9711, -0.3155 -1.8473 0.9711, -0.3067 -1.796 1.0023, -0.5617 -1.7856 0.9711, -0.4923 -1.8082 0.9711, -0.4786 -1.758 1.0023, -0.7265 -1.7253 0.9711, -0.6645 -1.7522 0.9711, -0.6461 -1.7036 1.0023, -0.8849 -1.6497 0.9711, -0.8305 -1.6799 0.9711, -0.8075 -1.6333 1.0023, -1.0355 -1.5597 0.9711, -0.9888 -1.5919 0.9711, -0.9613 -1.5477 1.0023, -1.1771 -1.4559 0.9711, -1.1378 -1.4891 0.9711, -1.1062 -1.4477 1.0023, -1.3083 -1.3394 0.9711, -1.2762 -1.3723 0.9711, -1.2408 -1.3342 1.0023, -1.4281 -1.2111 0.9711, -1.4027 -1.2427 0.9711, -1.3638 -1.2082 1.0023, -1.5354 -1.0721 0.9711, -1.5161 -1.1015 0.9711, -1.474 -1.0709 1.0023, -1.1771 1.4559 0.9711, -1.2762 1.3723 0.9711, -1.2408 1.3342 1.0023, -1.0355 1.5597 0.9711, -1.1378 1.4891 0.9711, -1.1062 1.4477 1.0023, -0.8849 1.6497 0.9711, -0.9888 1.5919 0.9711, -0.9613 1.5477 1.0023, -0.7265 1.7253 0.9711, -0.8305 1.6799 0.9711, -0.8075 1.6333 1.0023, -0.5617 1.7856 0.9711, -0.6645 1.7522 0.9711, -0.6461 1.7036 1.0023, -0.392 1.8304 0.9711, -0.4923 1.8082 0.9711, -0.4786 1.758 1.0023, -0.2189 1.859 0.9711, -0.3155 1.8473 0.9711, -0.3067 1.796 1.0023, 0.3058 1.8467 0.9711, 0.2259 1.8604 0.9711, 0.2196 1.8087 1.0023, 0.4774 1.81 0.9711, 0.4044 1.8299 0.9711, 0.3932 1.7791 1.0023, 0.6448 1.7574 0.9711, 0.5791 1.7823 0.9711, 0.563 1.7328 1.0023, 0.8066 1.6893 0.9711, 0.7484 1.7181 0.9711, 0.7276 1.6704 1.0023, 0.9612 1.6065 0.9711, 0.9107 1.6378 0.9711, 0.8854 1.5923 1.0023, 1.1075 1.5095 0.9711, 1.0646 1.5423 0.9711, 1.035 1.4995 1.0023, 1.2441 1.3992 0.9711, 1.2084 1.4323 0.9711, 1.1749 1.3926 1.0023, 1.3697 1.2767 0.9711, 1.341 1.309 0.9711, 1.3038 1.2727 1.0023, 1.4834 1.1429 0.9711, 1.4611 1.1735 0.9711, 1.4205 1.1409 1.0023, 1.584 0.999 0.9711, 1.5676 1.027 0.9711, 1.524 0.9985 1.0023, 1.822 0.0 1.0023, 1.874 0.0 0.9711, 1.8655 0.1755 0.9711, 1.8653 0.1809 0.9711, 1.8135 0.1758 1.0023, 1.8407 0.3494 0.9711, 1.8391 0.36 0.9711, 1.788 0.35 1.0023, 1.7996 0.5201 0.9711, 1.7958 0.5359 0.9711, 1.7459 0.521 1.0023, 1.7428 0.6863 0.9711, 1.7357 0.7067 0.9711, 1.6875 0.6871 1.0023, 1.6707 0.8464 0.9711, 1.6594 0.8709 0.9711, 1.6133 0.8467 1.0023, 0.1315 1.8672 0.9711, 0.044 1.8214 1.0023, 0.0453 1.8735 0.9711, -0.0439 1.8713 0.9711, -0.1357 1.8691 0.9711, -0.132 1.8172 1.0023, -1.3083 1.3394 0.9711, -1.4027 1.2427 0.9711, -1.4281 1.2111 0.9711, -1.5161 1.1015 0.9711, -1.5354 1.0721 0.9711, -1.5705 0.9237 1.0023, -1.6153 0.9501 0.9711, -1.6292 0.9237 0.9711, -1.6523 0.7678 1.0023, -1.6995 0.7897 0.9711, -1.7087 0.7672 0.9711, -1.7187 0.6047 1.0023, -1.7678 0.622 0.9711, -1.7732 0.6039 0.9711, -1.769 0.436 1.0023, -1.8196 0.4485 0.9711, -1.8222 0.4352 0.9711, -1.8029 0.2633 1.0023, -1.8544 0.2708 0.9711, -1.8551 0.2627 0.9711, -1.8198 0.088 1.0023, -1.8718 0.0905 0.9711, -1.8718 0.0878 0.9711, -1.8718 -0.0878 0.9711, -1.8198 -0.088 1.0023, -1.8718 -0.0905 0.9711, -1.8551 -0.2627 0.9711, -1.8544 -0.2708 0.9711, -1.8029 -0.2633 1.0023, -1.8222 -0.4352 0.9711, -1.8196 -0.4485 0.9711, -1.769 -0.436 1.0023, -1.7732 -0.6039 0.9711, -1.7678 -0.622 0.9711, -1.7187 -0.6047 1.0023, -1.7087 -0.7672 0.9711, -1.6995 -0.7897 0.9711, -1.6523 -0.7678 1.0023, -1.6292 -0.9237 0.9711, -1.6153 -0.9501 0.9711, -1.5705 -0.9237 1.0023, -0.0439 -1.8713 0.9711, 0.044 -1.8214 1.0023, 0.0453 -1.8735 0.9711, 1.3697 -1.2767 0.9711, 1.4611 -1.1735 0.9711, 1.4834 -1.1429 0.9711, 1.5676 -1.027 0.9711, 1.584 -0.999 0.9711, 1.6133 -0.8467 1.0023, 1.6594 -0.8709 0.9711, 1.6707 -0.8464 0.9711, 1.6875 -0.6871 1.0023, 1.7357 -0.7067 0.9711, 1.7428 -0.6863 0.9711, 1.7459 -0.521 1.0023, 1.7958 -0.5359 0.9711, 1.7996 -0.5201 0.9711, 1.788 -0.35 1.0023, 1.8391 -0.36 0.9711, 1.8407 -0.3494 0.9711, 1.8135 -0.1758 1.0023, 1.8653 -0.1809 0.9711, 1.8655 -0.1755 0.9711, -1.5082 0.887 1.0986, -1.534 0.9022 1.0458, 1.5493 -0.8131 1.0986, 1.5758 -0.827 1.0458, -1.5727 0.7308 1.1573, -1.5868 0.7373 1.0986, -1.6139 0.7499 1.0458, 1.6062 -0.654 1.1573, 1.6205 -0.6598 1.0986, 1.6482 -0.6711 1.0458, -1.6359 0.5756 1.2179, -1.6359 0.5756 1.1573, -1.6505 0.5807 1.0986, -1.6787 0.5907 1.0458, 1.6618 -0.4959 1.2179, 1.6618 -0.4959 1.1573, 1.6766 -0.5003 1.0986, 1.7053 -0.5089 1.0458, -1.6989 0.4187 1.2766, -1.6838 0.415 1.2179, -1.6838 0.415 1.1573, -1.6989 0.4187 1.0986, -1.7279 0.4259 1.0458, 1.7171 -0.3362 1.2766, 1.7019 -0.3332 1.2179, 1.7019 -0.3332 1.1573, 1.7171 -0.3362 1.0986, 1.7465 -0.3419 1.0458, -1.7609 0.2571 1.3294, -1.7313 0.2528 1.2766, -1.716 0.2506 1.2179, -1.716 0.2506 1.1573, -1.7313 0.2528 1.0986, -1.7609 0.2571 1.0458, 1.7713 -0.1718 1.3294, 1.7415 -0.1689 1.2766, 1.7261 -0.1674 1.2179, 1.7261 -0.1674 1.1573, 1.7415 -0.1689 1.0986, 1.7713 -0.1718 1.0458, -1.7775 0.086 1.3294, -1.7477 0.0845 1.2766, -1.7322 0.0838 1.2179, -1.7322 0.0838 1.1573, -1.7477 0.0845 1.0986, -1.7775 0.086 1.0458, 1.822 0.0 1.3729, 1.7796 0.0 1.3294, 1.7497 0.0 1.2766, 1.7342 0.0 1.2179, 1.7342 0.0 1.1573, 1.7497 0.0 1.0986, 1.7796 0.0 1.0458, -1.3638 1.2082 1.3729, -1.2408 1.3342 1.3729, -1.2119 1.3031 1.3294, 1.3038 -1.2727 1.3729, 1.1749 -1.3926 1.3729, 1.1476 -1.3602 1.3294, 1.8135 0.1758 1.3729, 1.7713 0.1718 1.0458, 1.7415 0.1689 1.0986, 1.7261 0.1674 1.1573, 1.7261 0.1674 1.2179, 1.7415 0.1689 1.2766, 1.7713 0.1718 1.3294, 1.788 0.35 1.3729, 1.7465 0.3419 1.0458, 1.7171 0.3362 1.0986, 1.7019 0.3332 1.1573, 1.7019 0.3332 1.2179, 1.7171 0.3362 1.2766, 1.7465 0.3419 1.3294, 1.7459 0.521 1.3729, 1.7053 0.5089 1.0458, 1.6766 0.5003 1.0986, 1.6618 0.4959 1.1573, 1.6618 0.4959 1.2179, 1.6766 0.5003 1.2766, 1.7053 0.5089 1.3294, 1.6875 0.6871 1.3729, 1.6482 0.6711 1.0458, 1.6205 0.6598 1.0986, 1.6062 0.654 1.1573, 1.6062 0.654 1.2179, 1.6205 0.6598 1.2766, 1.6482 0.6711 1.3294, 1.6133 0.8467 1.3729, 1.5758 0.827 1.0458, 1.5493 0.8131 1.0986, 1.5356 0.8059 1.1573, 1.5356 0.8059 1.2179, 1.5493 0.8131 1.2766, 1.5758 0.827 1.3294, 1.524 0.9985 1.3729, 1.4886 0.9752 1.0458, 1.4636 0.9589 1.0986, 1.4506 0.9504 1.1573, 1.4506 0.9504 1.2179, 1.4636 0.9589 1.2766, 1.4886 0.9752 1.3294, 1.4205 1.1409 1.3729, 1.3875 1.1144 1.0458, 1.3642 1.0956 1.0986, 1.3521 1.086 1.1573, 1.3521 1.086 1.2179, 1.3642 1.0956 1.2766, 1.3875 1.1144 1.3294, 1.3038 1.2727 1.3729, 1.2735 1.2431 1.0458, 1.2521 1.2222 1.0986, 1.241 1.2114 1.1573, 1.241 1.2114 1.2179, 1.2521 1.2222 1.2766, 1.2735 1.2431 1.3294, 1.1749 1.3926 1.3729, 1.1476 1.3602 1.0458, 1.1283 1.3373 1.0986, 1.1183 1.3255 1.1573, 1.1183 1.3255 1.2179, 1.1283 1.3373 1.2766, 1.1476 1.3602 1.3294, 1.035 1.4995 1.3729, 1.0109 1.4646 1.0458, 0.9939 1.44 1.0986, 0.9852 1.4273 1.1573, 0.9852 1.4273 1.2179, 0.9939 1.44 1.2766, 1.0109 1.4646 1.3294, 0.8854 1.5923 1.3729, 0.8649 1.5553 1.0458, 0.8503 1.5292 1.0986, 0.8428 1.5157 1.1573, 0.8428 1.5157 1.2179, 0.8503 1.5292 1.2766, 0.8649 1.5553 1.3294, 0.7276 1.6704 1.3729, 0.7107 1.6315 1.0458, 0.6988 1.6041 1.0986, 0.6926 1.5899 1.1573, 0.6926 1.5899 1.2179, 0.6988 1.6041 1.2766, 0.7107 1.6315 1.3294, 0.563 1.7328 1.3729, 0.5499 1.6925 1.0458, 0.5407 1.6641 1.0986, 0.5359 1.6494 1.1573, 0.5359 1.6494 1.2179, 0.5407 1.6641 1.2766, 0.5499 1.6925 1.3294, 0.3932 1.7791 1.3729, 0.384 1.7377 1.0458, 0.3776 1.7085 1.0986, 0.3742 1.6934 1.1573, 0.3742 1.6934 1.2179, 0.3776 1.7085 1.2766, 0.384 1.7377 1.3294, 0.2196 1.8087 1.3729, 0.2145 1.7666 1.0458, 0.2109 1.7369 1.0986, 0.209 1.7216 1.1573, 0.209 1.7216 1.2179, 0.2109 1.7369 1.2766, 0.2145 1.7666 1.3294, 0.044 1.8214 1.3729, 0.043 1.7791 1.0458, 0.0423 1.7492 1.0986, 0.0419 1.7337 1.1573, 0.0419 1.7337 1.2179, 0.0423 1.7492 1.2766, 0.043 1.7791 1.3294, -0.1289 1.7749 1.0458, -0.1267 1.7451 1.0986, -0.1256 1.7297 1.1573, -0.1256 1.7297 1.2179, -0.1267 1.7451 1.2766, -0.1289 1.7749 1.3294, -0.2996 1.7542 1.0458, -0.2946 1.7247 1.0986, -0.292 1.7095 1.1573, -0.292 1.7095 1.2179, -0.2946 1.7247 1.2766, -0.2996 1.7542 1.3294, -0.4675 1.7171 1.0458, -0.4597 1.6882 1.0986, -0.4556 1.6733 1.1573, -0.4556 1.6733 1.2179, -0.4597 1.6882 1.2766, -0.4675 1.7171 1.3294, -0.6205 1.636 1.0986, -0.615 1.6215 1.1573, -0.615 1.6215 1.2179, -0.6205 1.636 1.2766, -0.6311 1.664 1.3294, -0.7686 1.5546 1.1573, -0.7686 1.5546 1.2179, -0.7755 1.5685 1.2766, -0.7887 1.5953 1.3294, -0.9151 1.4732 1.2179, -0.9232 1.4863 1.2766, -0.939 1.5117 1.3294, -1.0624 1.3903 1.2766, -1.0805 1.414 1.3294, -1.474 1.0709 1.3729, -1.3321 1.1801 1.3294, -1.1916 1.2813 1.2766, -1.053 1.378 1.2179, -0.9151 1.4732 1.1573, -0.7755 1.5685 1.0986, -0.6311 1.664 1.0458, -1.4397 1.046 1.3294, -1.3097 1.1603 1.2766, -1.181 1.2699 1.2179, -1.053 1.378 1.1573, -0.9232 1.4863 1.0986, -0.7887 1.5953 1.0458, -1.534 0.9022 1.3294, -1.4155 1.0284 1.2766, -1.2981 1.15 1.2179, -1.181 1.2699 1.1573, -1.0624 1.3903 1.0986, -0.939 1.5117 1.0458, -1.6139 0.7499 1.3294, -1.5082 0.887 1.2766, -1.403 1.0194 1.2179, -1.2981 1.15 1.1573, -1.1916 1.2813 1.0986, -1.0805 1.414 1.0458, -1.6787 0.5907 1.3294, -1.5868 0.7373 1.2766, -1.4949 0.8792 1.2179, -1.403 1.0194 1.1573, -1.3097 1.1603 1.0986, -1.2119 1.3031 1.0458, -1.7279 0.4259 1.3294, -1.6505 0.5807 1.2766, -1.5727 0.7308 1.2179, -1.4949 0.8792 1.1573, -1.4155 1.0284 1.0986, -1.3321 1.1801 1.0458, -1.8198 -0.088 1.3729, -1.7775 -0.086 1.0458, -1.7477 -0.0845 1.0986, -1.7322 -0.0838 1.1573, -1.7322 -0.0838 1.2179, -1.7477 -0.0845 1.2766, -1.7775 -0.086 1.3294, -1.8029 -0.2633 1.3729, -1.7609 -0.2571 1.0458, -1.7313 -0.2528 1.0986, -1.716 -0.2506 1.1573, -1.716 -0.2506 1.2179, -1.7313 -0.2528 1.2766, -1.7609 -0.2571 1.3294, -1.769 -0.436 1.3729, -1.7279 -0.4259 1.0458, -1.6989 -0.4187 1.0986, -1.6838 -0.415 1.1573, -1.6838 -0.415 1.2179, -1.6989 -0.4187 1.2766, -1.7279 -0.4259 1.3294, -1.7187 -0.6047 1.3729, -1.6787 -0.5907 1.0458, -1.6505 -0.5807 1.0986, -1.6359 -0.5756 1.1573, -1.6359 -0.5756 1.2179, -1.6505 -0.5807 1.2766, -1.6787 -0.5907 1.3294, -1.6523 -0.7678 1.3729, -1.6139 -0.7499 1.0458, -1.5868 -0.7373 1.0986, -1.5727 -0.7308 1.1573, -1.5727 -0.7308 1.2179, -1.5868 -0.7373 1.2766, -1.6139 -0.7499 1.3294, -1.5705 -0.9237 1.3729, -1.534 -0.9022 1.0458, -1.5082 -0.887 1.0986, -1.4949 -0.8792 1.1573, -1.4949 -0.8792 1.2179, -1.5082 -0.887 1.2766, -1.534 -0.9022 1.3294, -1.474 -1.0709 1.3729, -1.4397 -1.046 1.0458, -1.4155 -1.0284 1.0986, -1.403 -1.0194 1.1573, -1.403 -1.0194 1.2179, -1.4155 -1.0284 1.2766, -1.4397 -1.046 1.3294, -1.3638 -1.2082 1.3729, -1.3321 -1.1801 1.0458, -1.3097 -1.1603 1.0986, -1.2981 -1.15 1.1573, -1.2981 -1.15 1.2179, -1.3097 -1.1603 1.2766, -1.3321 -1.1801 1.3294, -1.2408 -1.3342 1.3729, -1.2119 -1.3031 1.0458, -1.1916 -1.2813 1.0986, -1.181 -1.2699 1.1573, -1.181 -1.2699 1.2179, -1.1916 -1.2813 1.2766, -1.2119 -1.3031 1.3294, -1.1062 -1.4477 1.3729, -1.0805 -1.414 1.0458, -1.0624 -1.3903 1.0986, -1.053 -1.378 1.1573, -1.053 -1.378 1.2179, -1.0624 -1.3903 1.2766, -1.0805 -1.414 1.3294, -0.9613 -1.5477 1.3729, -0.939 -1.5117 1.0458, -0.9232 -1.4863 1.0986, -0.9151 -1.4732 1.1573, -0.9151 -1.4732 1.2179, -0.9232 -1.4863 1.2766, -0.939 -1.5117 1.3294, -0.8075 -1.6333 1.3729, -0.7887 -1.5953 1.0458, -0.7755 -1.5685 1.0986, -0.7686 -1.5546 1.1573, -0.7686 -1.5546 1.2179, -0.7755 -1.5685 1.2766, -0.7887 -1.5953 1.3294, -0.6461 -1.7036 1.3729, -0.6311 -1.664 1.0458, -0.6205 -1.636 1.0986, -0.615 -1.6215 1.1573, -0.615 -1.6215 1.2179, -0.6205 -1.636 1.2766, -0.6311 -1.664 1.3294, -0.4786 -1.758 1.3729, -0.4675 -1.7171 1.0458, -0.4597 -1.6882 1.0986, -0.4556 -1.6733 1.1573, -0.4556 -1.6733 1.2179, -0.4597 -1.6882 1.2766, -0.4675 -1.7171 1.3294, -0.3067 -1.796 1.3729, -0.2996 -1.7542 1.0458, -0.2946 -1.7247 1.0986, -0.292 -1.7095 1.1573, -0.292 -1.7095 1.2179, -0.2946 -1.7247 1.2766, -0.2996 -1.7542 1.3294, -0.132 -1.8172 1.3729, -0.1289 -1.7749 1.0458, -0.1267 -1.7451 1.0986, -0.1256 -1.7297 1.1573, -0.1256 -1.7297 1.2179, -0.1267 -1.7451 1.2766, -0.1289 -1.7749 1.3294, 0.044 -1.8214 1.3729, 0.043 -1.7791 1.0458, 0.0423 -1.7492 1.0986, 0.0419 -1.7337 1.1573, 0.0419 -1.7337 1.2179, 0.0423 -1.7492 1.2766, 0.043 -1.7791 1.3294, 0.2145 -1.7666 1.0458, 0.2109 -1.7369 1.0986, 0.209 -1.7216 1.1573, 0.209 -1.7216 1.2179, 0.2109 -1.7369 1.2766, 0.2145 -1.7666 1.3294, 0.384 -1.7377 1.0458, 0.3776 -1.7085 1.0986, 0.3742 -1.6934 1.1573, 0.3742 -1.6934 1.2179, 0.3776 -1.7085 1.2766, 0.384 -1.7377 1.3294, 0.5407 -1.6641 1.0986, 0.5359 -1.6494 1.1573, 0.5359 -1.6494 1.2179, 0.5407 -1.6641 1.2766, 0.5499 -1.6925 1.3294, 0.6926 -1.5899 1.1573, 0.6926 -1.5899 1.2179, 0.6988 -1.6041 1.2766, 0.7107 -1.6315 1.3294, 0.8428 -1.5157 1.2179, 0.8503 -1.5292 1.2766, 0.8649 -1.5553 1.3294, 0.9939 -1.44 1.2766, 1.0109 -1.4646 1.3294, 1.4205 -1.1409 1.3729, 1.2735 -1.2431 1.3294, 1.1283 -1.3373 1.2766, 0.9852 -1.4273 1.2179, 0.8428 -1.5157 1.1573, 0.6988 -1.6041 1.0986, 0.5499 -1.6925 1.0458, 1.3875 -1.1144 1.3294, 1.2521 -1.2222 1.2766, 1.1183 -1.3255 1.2179, 0.9852 -1.4273 1.1573, 0.8503 -1.5292 1.0986, 0.7107 -1.6315 1.0458, 1.4886 -0.9752 1.3294, 1.3642 -1.0956 1.2766, 1.241 -1.2114 1.2179, 1.1183 -1.3255 1.1573, 0.9939 -1.44 1.0986, 0.8649 -1.5553 1.0458, 1.5758 -0.827 1.3294, 1.4636 -0.9589 1.2766, 1.3521 -1.086 1.2179, 1.241 -1.2114 1.1573, 1.1283 -1.3373 1.0986, 1.0109 -1.4646 1.0458, 1.6482 -0.6711 1.3294, 1.5493 -0.8131 1.2766, 1.4506 -0.9504 1.2179, 1.3521 -1.086 1.1573, 1.2521 -1.2222 1.0986, 1.1476 -1.3602 1.0458, 1.7053 -0.5089 1.3294, 1.6205 -0.6598 1.2766, 1.5356 -0.8059 1.2179, 1.4506 -0.9504 1.1573, 1.3642 -1.0956 1.0986, 1.2735 -1.2431 1.0458, 1.7465 -0.3419 1.3294, 1.6766 -0.5003 1.2766, 1.6062 -0.654 1.2179, 1.5356 -0.8059 1.1573, 1.4636 -0.9589 1.0986, 1.3875 -1.1144 1.0458, 1.8721 -0.3553 0.9528, 1.8306 -0.529 0.9528, 1.773 -0.6981 0.9528, 1.6998 -0.8611 0.9528, 1.6117 -1.0165 0.9528, 1.5095 -1.1629 0.9528, 1.3939 -1.2992 0.9528, 1.2661 -1.424 0.9528, 1.1272 -1.5363 0.9528, 0.9784 -1.6351 0.9528, 0.821 -1.7196 0.9528, 0.6564 -1.7889 0.9528, 0.486 -1.8425 0.9528, 0.3113 -1.8799 0.9528, 0.1339 -1.9008 0.9528, -0.5718 -1.8177 0.9528, -0.7395 -1.7561 0.9528, -0.9007 -1.6792 0.9528, -1.054 -1.5875 0.9528, -1.198 -1.4818 0.9528, -1.3315 -1.3631 0.9528, -1.4533 -1.2324 0.9528, -1.5623 -1.0909 0.9528, -1.6576 -0.9398 0.9528, -1.7383 -0.7805 0.9528, -1.8038 -0.6143 0.9528, -1.8534 -0.4427 0.9528, -1.8867 -0.2672 0.9528, -1.9034 -0.0893 0.9528, -1.8867 0.2672 0.9528, -1.8534 0.4427 0.9528, -1.8038 0.6143 0.9528, -1.7383 0.7805 0.9528, -1.6576 0.9398 0.9528, -1.5623 1.0909 0.9528, -1.4533 1.2324 0.9528, -1.3315 1.3631 0.9528, -1.198 1.4818 0.9528, -1.054 1.5875 0.9528, -0.9007 1.6792 0.9528, -0.7395 1.7561 0.9528, -0.5718 1.8177 0.9528, -0.3991 1.8632 0.9528, -0.2229 1.8924 0.9528, 0.486 1.8425 0.9528, 0.6564 1.7889 0.9528, 0.821 1.7196 0.9528, 0.9784 1.6351 0.9528, 1.1272 1.5363 0.9528, 1.2661 1.424 0.9528, 1.3939 1.2992 0.9528, 1.5095 1.1629 0.9528, 1.6117 1.0165 0.9528, 1.6998 0.8611 0.9528, 1.773 0.6981 0.9528, 1.8306 0.529 0.9528, 1.8721 0.3553 0.9528, 1.8971 0.1784 0.9528, -1.8985 -0.4534 0.8972, -1.9106 -0.4563 0.863, -1.8594 -0.6332 0.863, 1.8751 0.5419 0.8972, 1.8871 0.5454 0.863, 1.8277 0.7197 0.863, 1.9488 -0.2621 0.8268, 1.9599 -0.1843 0.8268, 1.9557 -0.1839 0.863, 1.8107 -0.7678 0.8268, 1.8316 -0.7212 0.8268, 1.8277 -0.7197 0.863, 1.5441 -1.2194 0.8268, 1.5594 -1.2014 0.8268, 1.556 -1.1988 0.863, 1.1676 -1.5846 0.8268, 1.308 -1.4711 0.8268, 1.3052 -1.4679 0.863, 0.945 -1.7244 0.8268, 1.0108 -1.6892 0.8268, 1.0086 -1.6856 0.863, 0.456 -1.9133 0.8268, 0.5021 -1.9034 0.8268, 0.501 -1.8993 0.863, -0.0657 -1.9666 0.8268, -0.0461 -1.968 0.8268, -0.046 -1.9638 0.863, -0.3271 -1.939 0.8268, -0.2302 -1.955 0.8268, -0.2297 -1.9508 0.863, -1.0585 -1.6581 0.8268, -0.9305 -1.7347 0.8268, -0.9285 -1.731 0.863, -1.4585 -1.3191 0.8268, -1.3755 -1.4082 0.8268, -1.3726 -1.4051 0.863, -1.6105 -1.1246 0.863, -1.614 -1.127 0.8268, -1.5013 -1.2732 0.8268, -1.6223 -1.1137 0.8268, -1.9627 0.1313 0.8268, -1.9663 0.0923 0.8268, -1.9621 0.0921 0.863, -1.8591 0.6455 0.8268, -1.8634 0.6346 0.8268, -1.8594 0.6332 0.863, -1.755 0.8868 0.8268, -1.7958 0.8063 0.8268, -1.792 0.8046 0.863, -1.4585 1.3191 0.8268, -1.5013 1.2732 0.8268, -1.4981 1.2704 0.863, -1.0585 1.6581 0.8268, -1.0888 1.6399 0.8268, -1.0865 1.6364 0.863, -0.5831 1.8798 0.8268, -0.5907 1.8778 0.8268, -0.5895 1.8738 0.863, -0.3271 1.939 0.8268, -0.4123 1.9248 0.8268, -0.4114 1.9207 0.863, 0.1968 1.9567 0.8268, 0.1383 1.9636 0.8268, 0.138 1.9594 0.863, 0.456 1.9133 0.8268, 0.3216 1.9421 0.8268, 0.3209 1.9379 0.863, 0.945 1.7244 0.8268, 0.8482 1.7764 0.8268, 0.8463 1.7726 0.863, 1.162 1.5837 0.863, 1.1645 1.5871 0.8268, 1.0108 1.6892 0.8268, 1.1676 1.5846 0.8268, 1.5441 1.2194 0.8268, 1.44 1.3421 0.8268, 1.4369 1.3393 0.863, 1.8107 0.7678 0.8268, 1.756 0.8896 0.8268, 1.7523 0.8877 0.863, 1.934 0.367 0.8268, 1.8975 0.5198 0.8268, 1.8911 0.5465 0.8268, 1.8316 0.7212 0.8268, 1.6921 1.0023 0.8268, 1.6615 1.0478 0.863, 1.665 1.0501 0.8268, 1.5594 1.2014 0.8268, 1.556 1.1988 0.863, 1.367 1.4135 0.8268, 1.3052 1.4679 0.863, 1.308 1.4711 0.8268, 1.0086 1.6856 0.863, 0.707 1.8358 0.8268, 0.6766 1.8441 0.863, 0.6781 1.848 0.8268, 0.5021 1.9034 0.8268, 0.501 1.8993 0.863, -0.2302 1.955 0.8268, -0.9305 1.7347 0.8268, -1.3755 1.4082 0.8268, -1.7124 0.9709 0.8268, -1.9491 0.276 0.8268, -1.9491 -0.276 0.8268, -1.9271 -0.3917 0.8268, -1.9147 -0.4573 0.8268, -1.8634 -0.6346 0.8268, -1.8591 -0.6455 0.8268, -1.7958 -0.8063 0.8268, -1.792 -0.8046 0.863, -1.755 -0.8868 0.8268, -1.7124 -0.9709 0.8268, -1.7087 -0.9688 0.863, -1.4981 -1.2704 0.863, -1.2699 -1.5021 0.8268, -1.235 -1.5275 0.863, -1.2376 -1.5308 0.8268, -1.0888 -1.6399 0.8268, -1.0865 -1.6364 0.863, -0.8277 -1.7838 0.8268, -0.7623 -1.8103 0.863, -0.764 -1.8142 0.8268, -0.5907 -1.8778 0.8268, -0.5895 -1.8738 0.863, -0.5831 -1.8798 0.8268, -0.4123 -1.9248 0.8268, -0.4114 -1.9207 0.863, 0.3216 -1.9421 0.8268, 0.8482 -1.7764 0.8268, 1.44 -1.3421 0.8268, 1.756 -0.8896 0.8268, 1.934 -0.367 0.8268, 1.9488 0.2621 0.8268, 1.9298 0.3663 0.863, 1.9176 0.3639 0.8972, 1.898 0.3602 0.9277, -1.9627 -0.1313 0.8268, -1.9449 -0.2754 0.863, -1.9326 -0.2737 0.8972, -1.9128 -0.2709 0.9277, 1.9599 0.1843 0.8268, 1.9557 0.1839 0.863, 1.9433 0.1828 0.8972, 1.9234 0.1809 0.9277, -1.9663 -0.0923 0.8268, -1.9621 -0.0921 0.863, -1.9497 -0.0915 0.8972, -1.9298 -0.0906 0.9277, 0.1358 1.9271 0.9277, 0.1339 1.9008 0.9528, 0.3113 1.8799 0.9528, -0.2259 -1.9187 0.9277, -0.2229 -1.8924 0.9528, -0.3991 -1.8632 0.9528, 1.9685 0.0 0.8268, 1.9643 0.0 0.863, 1.9519 0.0 0.8972, 1.9319 0.0 0.9277, 1.9055 0.0 0.9528, 1.8162 0.7151 0.8972, 1.856 0.5364 0.9277, 1.7412 0.8821 0.8972, 1.7976 0.7078 0.9277, 1.651 1.0412 0.8972, 1.7234 0.873 0.9277, 1.5462 1.1912 0.8972, 1.6341 1.0306 0.9277, 1.4279 1.3308 0.8972, 1.5304 1.1791 0.9277, 1.297 1.4587 0.8972, 1.4133 1.3172 0.9277, 1.1547 1.5737 0.8972, 1.2837 1.4437 0.9277, 1.0022 1.6749 0.8972, 1.1429 1.5576 0.9277, 0.841 1.7614 0.8972, 0.992 1.6578 0.9277, 0.6724 1.8324 0.8972, 0.8324 1.7434 0.9277, 0.4978 1.8873 0.8972, 0.6655 1.8137 0.9277, 0.3189 1.9256 0.8972, 0.4927 1.868 0.9277, 0.1372 1.947 0.8972, 0.3156 1.906 0.9277, -0.0447 1.905 0.9528, -0.0453 1.9314 0.9277, -0.0458 1.9513 0.8972, -0.046 1.9638 0.863, -0.0461 1.968 0.8268, -0.2259 1.9187 0.9277, -0.2283 1.9385 0.8972, -0.2297 1.9508 0.863, -0.0657 1.9666 0.8268, -0.4046 1.8891 0.9277, -0.4088 1.9086 0.8972, -0.5797 1.8429 0.9277, -0.5857 1.8619 0.8972, -0.7498 1.7805 0.9277, -0.7575 1.7989 0.8972, -0.7623 1.8103 0.863, -0.764 1.8142 0.8268, -0.9132 1.7025 0.9277, -0.9226 1.72 0.8972, -0.9285 1.731 0.863, -0.8277 1.7838 0.8268, -1.0686 1.6095 0.9277, -1.0796 1.6261 0.8972, -1.2146 1.5023 0.9277, -1.2272 1.5179 0.8972, -1.235 1.5275 0.863, -1.2376 1.5308 0.8268, -1.35 1.382 0.9277, -1.3639 1.3963 0.8972, -1.3726 1.4051 0.863, -1.2699 1.5021 0.8268, -1.4734 1.2495 0.9277, -1.4887 1.2624 0.8972, -1.584 1.106 0.9277, -1.6003 1.1175 0.8972, -1.6105 1.1246 0.863, -1.614 1.127 0.8268, -1.6806 0.9529 0.9277, -1.6979 0.9627 0.8972, -1.7087 0.9688 0.863, -1.6223 1.1137 0.8268, -1.7624 0.7913 0.9277, -1.7806 0.7995 0.8972, -1.8288 0.6228 0.9277, -1.8477 0.6292 0.8972, -1.8791 0.4488 0.9277, -1.8985 0.4534 0.8972, -1.9106 0.4563 0.863, -1.9147 0.4573 0.8268, -1.9128 0.2709 0.9277, -1.9326 0.2737 0.8972, -1.9449 0.2754 0.863, -1.9271 0.3917 0.8268, -1.9034 0.0893 0.9528, -1.9298 0.0906 0.9277, -1.9497 0.0915 0.8972, -1.8477 -0.6292 0.8972, -1.8791 -0.4488 0.9277, -1.7806 -0.7995 0.8972, -1.8288 -0.6228 0.9277, -1.6979 -0.9627 0.8972, -1.7624 -0.7913 0.9277, -1.6003 -1.1175 0.8972, -1.6806 -0.9529 0.9277, -1.4887 -1.2624 0.8972, -1.584 -1.106 0.9277, -1.3639 -1.3963 0.8972, -1.4734 -1.2495 0.9277, -1.2272 -1.5179 0.8972, -1.35 -1.382 0.9277, -1.0796 -1.6261 0.8972, -1.2146 -1.5023 0.9277, -0.9226 -1.72 0.8972, -1.0686 -1.6095 0.9277, -0.7575 -1.7989 0.8972, -0.9132 -1.7025 0.9277, -0.5857 -1.8619 0.8972, -0.7498 -1.7805 0.9277, -0.4088 -1.9086 0.8972, -0.5797 -1.8429 0.9277, -0.2283 -1.9385 0.8972, -0.4046 -1.8891 0.9277, -0.0447 -1.905 0.9528, -0.0453 -1.9314 0.9277, -0.0458 -1.9513 0.8972, 0.1358 -1.9271 0.9277, 0.1372 -1.947 0.8972, 0.138 -1.9594 0.863, 0.1383 -1.9636 0.8268, 0.3156 -1.906 0.9277, 0.3189 -1.9256 0.8972, 0.3209 -1.9379 0.863, 0.1968 -1.9567 0.8268, 0.4927 -1.868 0.9277, 0.4978 -1.8873 0.8972, 0.6655 -1.8137 0.9277, 0.6724 -1.8324 0.8972, 0.6766 -1.8441 0.863, 0.6781 -1.848 0.8268, 0.8324 -1.7434 0.9277, 0.841 -1.7614 0.8972, 0.8463 -1.7726 0.863, 0.707 -1.8358 0.8268, 0.992 -1.6578 0.9277, 1.0022 -1.6749 0.8972, 1.1429 -1.5576 0.9277, 1.1547 -1.5737 0.8972, 1.162 -1.5837 0.863, 1.1645 -1.5871 0.8268, 1.2837 -1.4437 0.9277, 1.297 -1.4587 0.8972, 1.4133 -1.3172 0.9277, 1.4279 -1.3308 0.8972, 1.4369 -1.3393 0.863, 1.367 -1.4135 0.8268, 1.5304 -1.1791 0.9277, 1.5462 -1.1912 0.8972, 1.6341 -1.0306 0.9277, 1.651 -1.0412 0.8972, 1.6615 -1.0478 0.863, 1.665 -1.0501 0.8268, 1.7234 -0.873 0.9277, 1.7412 -0.8821 0.8972, 1.7523 -0.8877 0.863, 1.6921 -1.0023 0.8268, 1.7976 -0.7078 0.9277, 1.8162 -0.7151 0.8972, 1.856 -0.5364 0.9277, 1.8751 -0.5419 0.8972, 1.8871 -0.5454 0.863, 1.8911 -0.5465 0.8268, 1.898 -0.3602 0.9277, 1.9176 -0.3639 0.8972, 1.9298 -0.3663 0.863, 1.8975 -0.5198 0.8268, 1.8971 -0.1784 0.9528, 1.9234 -0.1809 0.9277, 1.9433 -0.1828 0.8972, -2.2047 -0.187 0.1181, -1.0827 -0.187 0.1181, -2.2047 0.187 0.1181, -1.0827 0.187 0.1181, -2.2047 -0.187 0.0, -2.2047 0.187 0.0, -1.0827 -0.187 0.0, -1.0827 0.187 0.0, -1.0419 0.187 0.0054, -1.0419 -0.187 0.0054, -1.0039 0.187 0.0211, -1.0039 -0.187 0.0211, -0.9713 0.187 0.0461, -0.9713 -0.187 0.0461, -0.9463 0.187 0.0787, -0.9463 -0.187 0.0787, -0.9306 0.187 0.1167, -0.9306 -0.187 0.1167, -0.9252 0.187 0.1575, -0.9252 -0.187 0.1575, -1.0433 -0.187 0.1575, -1.0433 0.187 0.1575, -1.0446 -0.187 0.1473, -1.0446 0.187 0.1473, -1.0486 -0.187 0.1378, -1.0486 0.187 0.1378, -1.0548 -0.187 0.1296, -1.0548 0.187 0.1296, -1.063 -0.187 0.1234, -1.063 0.187 0.1234, -1.0725 -0.187 0.1195, -1.0725 0.187 0.1195, 1.0827 -0.187 0.1181, 2.2047 -0.187 0.1181, 1.0827 0.187 0.1181, 2.2047 0.187 0.1181, 1.0725 -0.187 0.1195, 1.0725 0.187 0.1195, 1.063 -0.187 0.1234, 1.063 0.187 0.1234, 1.0548 -0.187 0.1296, 1.0548 0.187 0.1296, 1.0486 -0.187 0.1378, 1.0486 0.187 0.1378, 1.0446 -0.187 0.1473, 1.0446 0.187 0.1473, 1.0433 -0.187 0.1575, 1.0433 0.187 0.1575, 0.9252 -0.187 0.1575, 0.9252 0.187 0.1575, 0.9306 0.187 0.1167, 0.9306 -0.187 0.1167, 0.9463 0.187 0.0787, 0.9463 -0.187 0.0787, 0.9713 0.187 0.0461, 0.9713 -0.187 0.0461, 1.0039 0.187 0.0211, 1.0039 -0.187 0.0211, 1.0419 0.187 0.0054, 1.0419 -0.187 0.0054, 1.0827 0.187 0.0, 1.0827 -0.187 0.0, 2.2047 -0.187 0.0, 2.2047 0.187 0.0
            ]
        }
        coordIndex [
            0,1,2,-1,3,4,5,-1,5,4,6,-1,5,6,7,-1,7,6,8,-1,7,8,9,-1,9,10,7,-1,7,10,11,-1,7,11,12,-1,13,14,15,-1,12,16,7,-1,7,16,17,-1,7,17,18,-1,18,19,7,-1,7,19,20,-1,7,20,21,-1,22,23,24,-1,24,23,25,-1,24,25,26,-1,27,28,29,-1,29,28,21,-1,21,28,7,-1,7,28,30,-1,7,30,24,-1,15,31,13,-1,13,31,32,-1,13,32,5,-1,5,32,33,-1,5,33,3,-1,34,35,24,-1,24,35,36,-1,24,36,22,-1,26,37,24,-1,24,37,38,-1,24,38,13,-1,13,38,39,-1,13,39,14,-1,30,40,41,-1,42,43,44,-1,2,1,30,-1,30,1,45,-1,30,45,40,-1,41,46,30,-1,30,46,47,-1,30,47,24,-1,24,47,48,-1,24,48,34,-1,27,49,28,-1,28,49,50,-1,28,50,44,-1,44,50,51,-1,44,51,42,-1,43,52,44,-1,44,52,53,-1,44,53,2,-1,2,53,54,-1,2,54,0,-1,55,56,57,-1,58,59,60,-1,60,59,57,-1,60,57,61,-1,55,57,62,-1,63,64,60,-1,60,64,65,-1,60,65,66,-1,67,68,69,-1,69,68,70,-1,69,70,71,-1,71,72,69,-1,69,72,73,-1,69,73,74,-1,56,75,57,-1,57,75,76,-1,57,76,77,-1,66,78,60,-1,60,78,79,-1,60,79,80,-1,80,81,60,-1,60,81,82,-1,60,82,58,-1,62,57,69,-1,69,57,83,-1,69,83,67,-1,57,84,85,-1,86,87,57,-1,57,87,88,-1,74,89,69,-1,69,89,90,-1,69,90,91,-1,77,92,57,-1,57,92,93,-1,57,93,94,-1,85,95,57,-1,57,95,96,-1,57,96,86,-1,88,97,57,-1,57,97,98,-1,57,98,61,-1,94,99,57,-1,57,99,100,-1,57,100,84,-1,101,102,103,-1,103,102,104,-1,103,104,105,-1,105,104,106,-1,105,106,107,-1,107,106,108,-1,107,108,109,-1,101,110,102,-1,102,110,111,-1,102,111,112,-1,112,111,113,-1,112,113,114,-1,114,113,115,-1,114,115,116,-1,116,115,117,-1,117,118,116,-1,116,118,119,-1,116,119,120,-1,119,121,120,-1,120,121,122,-1,120,122,123,-1,123,122,124,-1,123,124,125,-1,125,124,126,-1,125,126,127,-1,127,126,128,-1,128,129,127,-1,127,129,130,-1,127,130,131,-1,131,130,132,-1,131,132,133,-1,133,132,134,-1,133,134,135,-1,135,134,136,-1,136,137,135,-1,135,137,138,-1,135,138,139,-1,139,138,140,-1,139,140,141,-1,141,140,142,-1,141,142,143,-1,143,142,144,-1,144,145,143,-1,143,145,146,-1,143,146,147,-1,146,148,147,-1,147,148,149,-1,147,149,150,-1,150,149,151,-1,150,151,152,-1,152,151,153,-1,152,153,154,-1,154,153,155,-1,155,156,154,-1,154,156,157,-1,154,157,158,-1,158,157,159,-1,158,159,160,-1,160,159,161,-1,160,161,162,-1,162,161,163,-1,163,164,162,-1,162,164,165,-1,162,165,166,-1,166,165,167,-1,166,167,168,-1,168,167,169,-1,168,169,170,-1,170,169,171,-1,171,172,170,-1,170,172,173,-1,170,173,174,-1,173,175,174,-1,174,175,176,-1,174,176,177,-1,177,176,178,-1,177,178,179,-1,179,178,180,-1,179,180,181,-1,181,180,182,-1,182,183,181,-1,181,183,184,-1,181,184,185,-1,185,184,186,-1,185,186,187,-1,187,186,188,-1,187,188,189,-1,189,188,190,-1,190,191,189,-1,189,191,192,-1,189,192,193,-1,193,192,194,-1,193,194,195,-1,194,196,195,-1,195,196,197,-1,195,197,198,-1,197,199,198,-1,198,199,200,-1,198,200,201,-1,200,202,201,-1,201,202,203,-1,201,203,204,-1,204,203,205,-1,204,205,206,-1,206,205,207,-1,206,207,208,-1,208,207,209,-1,209,210,208,-1,208,210,211,-1,208,211,212,-1,212,211,213,-1,212,213,214,-1,214,213,215,-1,214,215,216,-1,216,215,217,-1,217,218,216,-1,216,218,219,-1,216,219,220,-1,220,219,221,-1,220,221,222,-1,221,223,222,-1,222,223,224,-1,222,224,225,-1,224,226,225,-1,225,226,227,-1,225,227,228,-1,227,229,228,-1,228,229,230,-1,228,230,231,-1,231,230,232,-1,231,232,233,-1,233,232,234,-1,233,234,235,-1,235,234,236,-1,236,237,235,-1,235,237,238,-1,235,238,239,-1,239,238,240,-1,239,240,241,-1,242,243,244,-1,243,245,244,-1,244,245,246,-1,244,246,247,-1,247,246,248,-1,247,248,249,-1,248,250,249,-1,249,250,251,-1,249,251,252,-1,251,253,252,-1,252,253,254,-1,252,254,255,-1,254,256,255,-1,255,256,257,-1,255,257,258,-1,258,257,259,-1,258,259,260,-1,260,259,261,-1,260,261,262,-1,262,261,263,-1,263,264,262,-1,262,264,265,-1,262,265,266,-1,266,265,267,-1,266,267,268,-1,268,267,269,-1,268,269,270,-1,270,269,271,-1,271,272,270,-1,270,272,273,-1,270,273,274,-1,274,273,275,-1,274,275,276,-1,276,275,277,-1,276,277,278,-1,278,277,279,-1,278,279,108,-1,108,279,280,-1,108,280,109,-1,241,281,282,-1,241,282,239,-1,239,282,283,-1,239,283,235,-1,235,283,284,-1,235,284,233,-1,233,284,285,-1,233,285,231,-1,231,285,286,-1,231,286,228,-1,228,286,287,-1,228,287,225,-1,225,287,288,-1,225,288,222,-1,222,288,289,-1,222,289,220,-1,220,289,290,-1,220,290,216,-1,216,290,291,-1,216,291,214,-1,214,291,292,-1,214,292,212,-1,212,292,293,-1,212,293,208,-1,208,293,294,-1,208,294,206,-1,206,294,295,-1,206,295,204,-1,204,295,296,-1,204,296,201,-1,201,296,297,-1,201,297,198,-1,198,297,298,-1,198,298,195,-1,195,298,299,-1,195,299,193,-1,193,299,300,-1,193,300,189,-1,189,300,301,-1,189,301,187,-1,187,301,302,-1,187,302,185,-1,185,302,303,-1,185,303,181,-1,181,303,304,-1,181,304,179,-1,179,304,305,-1,179,305,177,-1,177,305,306,-1,177,306,174,-1,174,306,307,-1,174,307,170,-1,170,307,308,-1,170,308,168,-1,168,308,309,-1,168,309,166,-1,166,309,310,-1,166,310,162,-1,162,310,311,-1,162,311,160,-1,160,311,312,-1,160,312,158,-1,158,312,313,-1,158,313,154,-1,154,313,314,-1,154,314,152,-1,152,314,315,-1,152,315,150,-1,150,315,316,-1,150,316,147,-1,147,316,317,-1,147,317,143,-1,143,317,318,-1,143,318,141,-1,141,318,319,-1,141,319,139,-1,139,319,320,-1,139,320,135,-1,135,320,321,-1,135,321,133,-1,133,321,322,-1,133,322,131,-1,131,322,323,-1,131,323,127,-1,127,323,324,-1,127,324,125,-1,125,324,325,-1,125,325,123,-1,123,325,326,-1,123,326,120,-1,120,326,327,-1,120,327,116,-1,116,327,328,-1,116,328,114,-1,114,328,329,-1,114,329,112,-1,112,329,330,-1,112,330,102,-1,102,330,331,-1,102,331,104,-1,104,331,332,-1,104,332,106,-1,106,332,333,-1,106,333,108,-1,108,333,334,-1,108,334,278,-1,278,334,335,-1,278,335,276,-1,276,335,336,-1,276,336,274,-1,274,336,337,-1,274,337,270,-1,270,337,338,-1,270,338,268,-1,268,338,339,-1,268,339,266,-1,266,339,340,-1,266,340,262,-1,262,340,341,-1,262,341,260,-1,260,341,342,-1,260,342,258,-1,258,342,343,-1,258,343,255,-1,255,343,344,-1,255,344,252,-1,252,344,345,-1,252,345,249,-1,249,345,346,-1,249,346,247,-1,247,346,347,-1,247,347,244,-1,281,348,349,-1,281,349,282,-1,282,349,350,-1,282,350,283,-1,283,350,351,-1,283,351,284,-1,284,351,352,-1,284,352,285,-1,285,352,353,-1,285,353,286,-1,286,353,354,-1,286,354,287,-1,287,354,355,-1,287,355,288,-1,288,355,356,-1,288,356,289,-1,289,356,357,-1,289,357,290,-1,290,357,358,-1,290,358,291,-1,291,358,359,-1,291,359,292,-1,292,359,360,-1,292,360,293,-1,293,360,361,-1,293,361,294,-1,294,361,362,-1,294,362,295,-1,295,362,363,-1,295,363,296,-1,296,363,364,-1,296,364,297,-1,297,364,365,-1,297,365,298,-1,298,365,366,-1,298,366,299,-1,299,366,367,-1,299,367,300,-1,300,367,368,-1,300,368,301,-1,301,368,369,-1,301,369,302,-1,302,369,370,-1,302,370,303,-1,303,370,371,-1,303,371,304,-1,304,371,372,-1,304,372,305,-1,305,372,373,-1,305,373,306,-1,306,373,374,-1,306,374,307,-1,307,374,375,-1,307,375,308,-1,308,375,376,-1,308,376,309,-1,309,376,377,-1,309,377,310,-1,310,377,378,-1,310,378,311,-1,311,378,379,-1,311,379,312,-1,312,379,380,-1,312,380,313,-1,313,380,381,-1,313,381,314,-1,314,381,382,-1,314,382,315,-1,315,382,383,-1,315,383,316,-1,316,383,384,-1,316,384,317,-1,317,384,385,-1,317,385,318,-1,318,385,386,-1,318,386,319,-1,319,386,387,-1,319,387,320,-1,320,387,388,-1,320,388,321,-1,321,388,389,-1,321,389,322,-1,322,389,390,-1,322,390,323,-1,323,390,391,-1,323,391,324,-1,324,391,392,-1,324,392,325,-1,325,392,393,-1,325,393,326,-1,326,393,394,-1,326,394,327,-1,327,394,395,-1,327,395,328,-1,328,395,396,-1,328,396,329,-1,329,396,397,-1,329,397,330,-1,330,397,398,-1,330,398,331,-1,331,398,399,-1,331,399,332,-1,332,399,400,-1,332,400,333,-1,333,400,401,-1,333,401,334,-1,334,401,402,-1,334,402,335,-1,335,402,403,-1,335,403,336,-1,336,403,404,-1,336,404,337,-1,337,404,405,-1,337,405,338,-1,338,405,406,-1,338,406,339,-1,339,406,407,-1,339,407,340,-1,340,407,408,-1,340,408,341,-1,341,408,409,-1,341,409,342,-1,342,409,410,-1,342,410,343,-1,343,410,411,-1,343,411,344,-1,344,411,412,-1,344,412,345,-1,345,412,413,-1,345,413,346,-1,346,413,414,-1,346,414,347,-1,348,415,416,-1,348,416,349,-1,349,416,417,-1,349,417,350,-1,350,417,418,-1,350,418,351,-1,351,418,419,-1,351,419,352,-1,352,419,420,-1,352,420,353,-1,353,420,421,-1,353,421,354,-1,354,421,422,-1,354,422,355,-1,355,422,423,-1,355,423,356,-1,356,423,424,-1,356,424,357,-1,357,424,425,-1,357,425,358,-1,358,425,426,-1,358,426,359,-1,359,426,427,-1,359,427,360,-1,360,427,428,-1,360,428,361,-1,361,428,429,-1,361,429,362,-1,362,429,430,-1,362,430,363,-1,363,430,431,-1,363,431,364,-1,364,431,432,-1,364,432,365,-1,365,432,433,-1,365,433,366,-1,366,433,434,-1,366,434,367,-1,367,434,435,-1,367,435,368,-1,368,435,436,-1,368,436,369,-1,369,436,437,-1,369,437,370,-1,370,437,438,-1,370,438,371,-1,371,438,439,-1,371,439,372,-1,372,439,440,-1,372,440,373,-1,373,440,441,-1,373,441,374,-1,374,441,442,-1,374,442,375,-1,375,442,443,-1,375,443,376,-1,376,443,444,-1,376,444,377,-1,377,444,445,-1,377,445,378,-1,378,445,446,-1,378,446,379,-1,379,446,447,-1,379,447,380,-1,380,447,448,-1,380,448,381,-1,381,448,449,-1,381,449,382,-1,382,449,450,-1,382,450,383,-1,383,450,451,-1,383,451,384,-1,384,451,452,-1,384,452,385,-1,385,452,453,-1,385,453,386,-1,386,453,454,-1,386,454,387,-1,387,454,455,-1,387,455,388,-1,388,455,456,-1,388,456,389,-1,389,456,457,-1,389,457,390,-1,390,457,458,-1,390,458,391,-1,391,458,459,-1,391,459,392,-1,392,459,460,-1,392,460,393,-1,393,460,461,-1,393,461,394,-1,394,461,462,-1,394,462,395,-1,395,462,463,-1,395,463,396,-1,396,463,464,-1,396,464,397,-1,397,464,465,-1,397,465,398,-1,398,465,466,-1,398,466,399,-1,399,466,467,-1,399,467,400,-1,400,467,468,-1,400,468,401,-1,401,468,469,-1,401,469,402,-1,402,469,470,-1,402,470,403,-1,403,470,471,-1,403,471,404,-1,404,471,472,-1,404,472,405,-1,405,472,473,-1,405,473,406,-1,406,473,474,-1,406,474,407,-1,407,474,475,-1,407,475,408,-1,408,475,476,-1,408,476,409,-1,409,476,477,-1,409,477,410,-1,410,477,478,-1,410,478,411,-1,411,478,479,-1,411,479,412,-1,412,479,480,-1,412,480,413,-1,413,480,481,-1,413,481,414,-1,415,482,483,-1,415,483,416,-1,416,483,484,-1,416,484,417,-1,417,484,485,-1,417,485,418,-1,418,485,486,-1,418,486,419,-1,419,486,487,-1,419,487,420,-1,420,487,488,-1,420,488,421,-1,421,488,489,-1,421,489,422,-1,422,489,490,-1,422,490,423,-1,423,490,491,-1,423,491,424,-1,424,491,492,-1,424,492,425,-1,425,492,493,-1,425,493,426,-1,426,493,494,-1,426,494,427,-1,427,494,495,-1,427,495,428,-1,428,495,496,-1,428,496,429,-1,429,496,497,-1,429,497,430,-1,430,497,498,-1,430,498,431,-1,431,498,499,-1,431,499,432,-1,432,499,500,-1,432,500,433,-1,433,500,501,-1,433,501,434,-1,434,501,502,-1,434,502,435,-1,435,502,503,-1,435,503,436,-1,436,503,504,-1,436,504,437,-1,437,504,505,-1,437,505,438,-1,438,505,506,-1,438,506,439,-1,439,506,507,-1,439,507,440,-1,440,507,508,-1,440,508,441,-1,441,508,509,-1,441,509,442,-1,442,509,510,-1,442,510,443,-1,443,510,511,-1,443,511,444,-1,444,511,512,-1,444,512,445,-1,445,512,513,-1,445,513,446,-1,446,513,514,-1,446,514,447,-1,447,514,515,-1,447,515,448,-1,448,515,516,-1,448,516,449,-1,449,516,517,-1,449,517,450,-1,450,517,518,-1,450,518,451,-1,451,518,519,-1,451,519,452,-1,452,519,520,-1,452,520,453,-1,453,520,521,-1,453,521,454,-1,454,521,522,-1,454,522,455,-1,455,522,523,-1,455,523,456,-1,456,523,524,-1,456,524,457,-1,457,524,525,-1,457,525,458,-1,458,525,526,-1,458,526,459,-1,459,526,527,-1,459,527,460,-1,460,527,528,-1,460,528,461,-1,461,528,529,-1,461,529,462,-1,462,529,530,-1,462,530,463,-1,463,530,531,-1,463,531,464,-1,464,531,532,-1,464,532,465,-1,465,532,533,-1,465,533,466,-1,466,533,534,-1,466,534,467,-1,467,534,535,-1,467,535,468,-1,468,535,536,-1,468,536,469,-1,469,536,537,-1,469,537,470,-1,470,537,538,-1,470,538,471,-1,471,538,539,-1,471,539,472,-1,472,539,540,-1,472,540,473,-1,473,540,541,-1,473,541,474,-1,474,541,542,-1,474,542,475,-1,475,542,543,-1,475,543,476,-1,476,543,544,-1,476,544,477,-1,477,544,545,-1,477,545,478,-1,478,545,546,-1,478,546,479,-1,479,546,547,-1,479,547,480,-1,480,547,548,-1,480,548,481,-1,482,61,483,-1,483,61,98,-1,483,98,484,-1,484,98,97,-1,484,97,485,-1,485,97,88,-1,485,88,486,-1,486,88,87,-1,486,87,487,-1,487,87,86,-1,487,86,488,-1,488,86,96,-1,488,96,489,-1,489,96,95,-1,489,95,490,-1,490,95,85,-1,490,85,491,-1,491,85,84,-1,491,84,492,-1,492,84,100,-1,492,100,493,-1,493,100,99,-1,493,99,494,-1,494,99,94,-1,494,94,495,-1,495,94,93,-1,495,93,496,-1,496,93,92,-1,496,92,497,-1,497,92,77,-1,497,77,498,-1,498,77,76,-1,498,76,499,-1,499,76,75,-1,499,75,500,-1,500,75,56,-1,500,56,501,-1,501,56,55,-1,501,55,502,-1,502,55,62,-1,502,62,503,-1,503,62,69,-1,503,69,504,-1,504,69,91,-1,504,91,505,-1,505,91,90,-1,505,90,506,-1,506,90,89,-1,506,89,507,-1,507,89,74,-1,507,74,508,-1,508,74,73,-1,508,73,509,-1,509,73,72,-1,509,72,510,-1,510,72,71,-1,510,71,511,-1,511,71,70,-1,511,70,512,-1,512,70,68,-1,512,68,513,-1,513,68,67,-1,513,67,514,-1,514,67,83,-1,514,83,515,-1,515,83,57,-1,515,57,516,-1,516,57,59,-1,516,59,517,-1,517,59,58,-1,517,58,518,-1,518,58,82,-1,518,82,519,-1,519,82,81,-1,519,81,520,-1,520,81,80,-1,520,80,521,-1,521,80,79,-1,521,79,522,-1,522,79,78,-1,522,78,523,-1,523,78,66,-1,523,66,524,-1,524,66,65,-1,524,65,525,-1,525,65,64,-1,525,64,526,-1,549,63,482,-1,482,63,60,-1,482,60,61,-1,64,550,526,-1,526,550,551,-1,526,551,527,-1,527,551,552,-1,527,552,528,-1,528,552,553,-1,528,553,529,-1,529,553,554,-1,529,554,530,-1,530,554,555,-1,530,555,531,-1,531,555,556,-1,531,556,532,-1,532,556,557,-1,532,557,533,-1,533,557,558,-1,533,558,534,-1,534,558,559,-1,534,559,535,-1,535,559,560,-1,535,560,536,-1,536,560,561,-1,536,561,537,-1,537,561,562,-1,537,562,538,-1,538,562,563,-1,538,563,539,-1,539,563,564,-1,539,564,540,-1,540,564,565,-1,540,565,541,-1,541,565,566,-1,541,566,542,-1,542,566,567,-1,542,567,543,-1,543,567,568,-1,543,568,544,-1,544,568,569,-1,544,569,545,-1,545,569,570,-1,545,570,546,-1,546,570,571,-1,546,571,547,-1,547,571,549,-1,547,549,548,-1,548,549,482,-1,548,482,481,-1,481,482,415,-1,481,415,414,-1,414,415,348,-1,414,348,347,-1,347,348,281,-1,347,281,244,-1,244,281,241,-1,244,241,242,-1,242,241,240,-1,272,572,273,-1,273,572,573,-1,273,573,275,-1,275,573,574,-1,275,574,277,-1,277,574,575,-1,277,575,279,-1,279,575,576,-1,279,576,280,-1,280,576,577,-1,280,577,109,-1,109,577,578,-1,109,578,107,-1,107,578,579,-1,107,579,105,-1,105,579,580,-1,105,580,103,-1,103,580,581,-1,103,581,101,-1,101,581,582,-1,101,582,110,-1,110,582,583,-1,110,583,111,-1,111,583,584,-1,111,584,113,-1,113,584,585,-1,113,585,115,-1,115,585,586,-1,115,586,117,-1,117,586,587,-1,117,587,118,-1,118,587,588,-1,118,588,119,-1,119,588,589,-1,119,589,121,-1,121,589,590,-1,121,590,122,-1,122,590,591,-1,122,591,124,-1,124,591,592,-1,124,592,126,-1,126,592,593,-1,126,593,128,-1,128,593,594,-1,128,594,129,-1,129,594,595,-1,129,595,130,-1,130,595,596,-1,130,596,132,-1,132,596,597,-1,132,597,134,-1,134,597,598,-1,134,598,136,-1,136,598,599,-1,136,599,137,-1,137,599,600,-1,137,600,138,-1,138,600,601,-1,138,601,140,-1,140,601,602,-1,140,602,142,-1,142,602,603,-1,142,603,144,-1,144,603,604,-1,144,604,145,-1,145,604,605,-1,145,605,146,-1,146,605,606,-1,146,606,148,-1,148,606,607,-1,148,607,149,-1,149,607,608,-1,149,608,151,-1,151,608,609,-1,151,609,153,-1,153,609,610,-1,153,610,155,-1,155,610,611,-1,155,611,156,-1,156,611,612,-1,156,612,157,-1,157,612,613,-1,157,613,159,-1,159,613,614,-1,159,614,161,-1,161,614,615,-1,161,615,163,-1,163,615,616,-1,163,616,164,-1,164,616,617,-1,164,617,165,-1,165,617,618,-1,165,618,167,-1,167,618,619,-1,167,619,169,-1,169,619,620,-1,169,620,171,-1,171,620,621,-1,171,621,172,-1,172,621,622,-1,172,622,173,-1,173,622,623,-1,173,623,175,-1,175,623,624,-1,175,624,176,-1,176,624,625,-1,176,625,178,-1,178,625,626,-1,178,626,180,-1,180,626,627,-1,180,627,182,-1,182,627,628,-1,182,628,183,-1,183,628,629,-1,183,629,184,-1,184,629,630,-1,184,630,186,-1,186,630,631,-1,186,631,188,-1,188,631,632,-1,188,632,190,-1,190,632,633,-1,190,633,191,-1,191,633,634,-1,191,634,192,-1,192,634,635,-1,192,635,194,-1,194,635,636,-1,194,636,196,-1,196,636,637,-1,196,637,197,-1,197,637,638,-1,197,638,199,-1,199,638,639,-1,199,639,200,-1,200,639,640,-1,200,640,202,-1,202,640,641,-1,202,641,203,-1,203,641,642,-1,203,642,205,-1,205,642,643,-1,205,643,207,-1,207,643,644,-1,207,644,209,-1,209,644,645,-1,209,645,210,-1,210,645,646,-1,210,646,211,-1,211,646,647,-1,211,647,213,-1,213,647,648,-1,213,648,215,-1,215,648,649,-1,215,649,217,-1,217,649,650,-1,217,650,218,-1,218,650,651,-1,218,651,219,-1,219,651,652,-1,219,652,221,-1,221,652,653,-1,221,653,223,-1,223,653,654,-1,223,654,224,-1,224,654,655,-1,224,655,226,-1,226,655,656,-1,226,656,227,-1,227,656,657,-1,227,657,229,-1,229,657,658,-1,229,658,230,-1,230,658,659,-1,230,659,232,-1,232,659,660,-1,232,660,234,-1,234,660,661,-1,234,661,236,-1,236,661,662,-1,236,662,237,-1,237,662,663,-1,237,663,238,-1,238,663,664,-1,238,664,240,-1,240,664,665,-1,240,665,242,-1,242,665,666,-1,242,666,243,-1,243,666,667,-1,243,667,245,-1,245,667,668,-1,245,668,246,-1,246,668,669,-1,246,669,248,-1,248,669,670,-1,248,670,250,-1,250,670,671,-1,250,671,251,-1,251,671,672,-1,251,672,253,-1,253,672,673,-1,253,673,254,-1,254,673,674,-1,254,674,256,-1,256,674,675,-1,256,675,257,-1,257,675,676,-1,257,676,259,-1,259,676,677,-1,259,677,261,-1,261,677,678,-1,261,678,263,-1,263,678,679,-1,263,679,264,-1,264,679,680,-1,264,680,265,-1,265,680,681,-1,265,681,267,-1,267,681,682,-1,267,682,269,-1,269,682,683,-1,269,683,271,-1,271,683,684,-1,271,684,272,-1,272,684,572,-1,679,678,685,-1,674,673,686,-1,670,669,687,-1,667,666,688,-1,662,661,689,-1,657,656,690,-1,653,652,691,-1,650,649,692,-1,645,644,693,-1,640,639,694,-1,636,635,695,-1,633,632,696,-1,628,627,697,-1,623,622,698,-1,621,620,699,-1,619,618,700,-1,616,615,701,-1,611,610,702,-1,606,605,703,-1,604,603,704,-1,602,601,705,-1,599,598,706,-1,594,593,707,-1,589,588,708,-1,587,586,709,-1,582,581,710,-1,711,712,713,-1,714,715,716,-1,717,718,719,-1,720,721,722,-1,723,724,725,-1,726,727,728,-1,729,730,731,-1,732,733,734,-1,735,736,737,-1,738,739,740,-1,741,742,743,-1,744,745,746,-1,747,748,749,-1,750,751,752,-1,753,754,755,-1,756,757,758,-1,759,760,761,-1,762,763,764,-1,765,766,767,-1,768,769,770,-1,771,772,773,-1,774,775,776,-1,777,778,779,-1,780,781,782,-1,783,784,785,-1,786,787,788,-1,789,790,791,-1,792,793,794,-1,795,796,797,-1,798,799,800,-1,801,802,803,-1,804,805,806,-1,807,808,809,-1,810,811,812,-1,813,814,815,-1,816,817,818,-1,819,820,821,-1,822,823,824,-1,825,826,827,-1,828,829,830,-1,831,832,833,-1,834,835,836,-1,837,838,839,-1,840,841,842,-1,843,844,845,-1,846,847,848,-1,771,773,849,-1,850,851,852,-1,853,854,855,-1,856,857,858,-1,859,860,861,-1,862,863,864,-1,865,866,867,-1,868,869,870,-1,871,872,873,-1,874,875,876,-1,877,878,879,-1,880,881,882,-1,883,884,885,-1,711,713,886,-1,887,888,889,-1,889,888,890,-1,889,890,891,-1,890,892,891,-1,891,892,893,-1,891,893,894,-1,895,896,897,-1,897,896,898,-1,897,898,899,-1,899,898,900,-1,899,900,901,-1,901,900,894,-1,901,894,902,-1,902,894,893,-1,896,903,904,-1,896,904,898,-1,898,904,905,-1,898,905,900,-1,900,905,906,-1,900,906,894,-1,894,906,907,-1,894,907,891,-1,891,907,908,-1,891,908,889,-1,903,909,910,-1,903,910,904,-1,904,910,911,-1,904,911,905,-1,905,911,912,-1,905,912,906,-1,906,912,913,-1,906,913,907,-1,907,913,914,-1,907,914,908,-1,909,915,916,-1,811,807,812,-1,812,807,809,-1,812,809,917,-1,917,809,918,-1,917,918,919,-1,919,918,920,-1,919,920,921,-1,921,920,710,-1,802,798,803,-1,803,798,800,-1,803,800,922,-1,922,800,923,-1,922,923,924,-1,924,923,925,-1,924,925,926,-1,926,925,709,-1,790,786,791,-1,791,786,788,-1,791,788,927,-1,927,788,928,-1,927,928,929,-1,929,928,930,-1,929,930,931,-1,931,930,707,-1,781,777,782,-1,782,777,779,-1,782,779,932,-1,932,779,933,-1,932,933,934,-1,934,933,935,-1,934,935,936,-1,936,935,706,-1,826,828,827,-1,827,828,830,-1,827,830,937,-1,937,830,938,-1,937,938,939,-1,939,938,940,-1,939,940,941,-1,941,940,702,-1,835,837,836,-1,836,837,839,-1,836,839,942,-1,942,839,943,-1,942,943,944,-1,944,943,945,-1,944,945,946,-1,946,945,701,-1,766,762,767,-1,767,762,764,-1,767,764,947,-1,947,764,948,-1,947,948,949,-1,949,948,950,-1,949,950,951,-1,951,950,697,-1,952,756,953,-1,953,756,758,-1,953,758,954,-1,954,758,955,-1,954,955,956,-1,956,955,957,-1,956,957,958,-1,958,957,696,-1,748,744,749,-1,749,744,746,-1,749,746,959,-1,959,746,960,-1,959,960,961,-1,961,960,962,-1,961,962,963,-1,963,962,694,-1,739,735,740,-1,740,735,737,-1,740,737,964,-1,964,737,965,-1,964,965,966,-1,966,965,967,-1,966,967,968,-1,968,967,693,-1,730,726,731,-1,731,726,728,-1,731,728,969,-1,969,728,970,-1,969,970,971,-1,971,970,972,-1,971,972,973,-1,973,972,692,-1,718,714,719,-1,719,714,716,-1,719,716,974,-1,974,716,975,-1,974,975,976,-1,976,975,977,-1,976,977,978,-1,978,977,690,-1,851,853,852,-1,852,853,855,-1,852,855,979,-1,979,855,980,-1,979,980,981,-1,981,980,982,-1,981,982,983,-1,983,982,689,-1,860,862,861,-1,861,862,864,-1,861,864,984,-1,984,864,985,-1,984,985,986,-1,986,985,987,-1,986,987,988,-1,988,987,688,-1,872,874,873,-1,873,874,876,-1,873,876,989,-1,989,876,990,-1,989,990,991,-1,991,990,992,-1,991,992,993,-1,993,992,686,-1,881,883,882,-1,882,883,885,-1,882,885,994,-1,994,885,995,-1,994,995,996,-1,996,995,997,-1,996,997,998,-1,998,997,685,-1,909,916,910,-1,910,916,999,-1,910,999,911,-1,911,999,1000,-1,911,1000,912,-1,912,1000,1001,-1,912,1001,913,-1,913,1001,1002,-1,913,1002,914,-1,575,916,576,-1,576,916,915,-1,576,915,577,-1,578,577,1003,-1,1003,577,915,-1,1003,915,1004,-1,1004,915,909,-1,1004,909,1005,-1,1005,909,903,-1,1005,903,815,-1,815,903,896,-1,815,896,813,-1,813,896,895,-1,814,810,815,-1,815,810,812,-1,815,812,1005,-1,1005,812,917,-1,1005,917,1004,-1,1004,917,919,-1,1004,919,1003,-1,1003,919,921,-1,1003,921,578,-1,578,921,579,-1,710,581,921,-1,921,581,580,-1,921,580,579,-1,583,582,1006,-1,1006,582,710,-1,1006,710,1007,-1,1007,710,920,-1,1007,920,1008,-1,1008,920,918,-1,1008,918,806,-1,806,918,809,-1,806,809,804,-1,804,809,808,-1,805,801,806,-1,806,801,803,-1,806,803,1008,-1,1008,803,922,-1,1008,922,1007,-1,1007,922,924,-1,1007,924,1006,-1,1006,924,926,-1,1006,926,583,-1,583,926,584,-1,709,586,926,-1,926,586,585,-1,926,585,584,-1,588,587,708,-1,708,587,709,-1,708,709,1009,-1,1009,709,925,-1,1009,925,1010,-1,1010,925,923,-1,1010,923,797,-1,797,923,800,-1,797,800,795,-1,795,800,799,-1,590,589,1011,-1,1011,589,708,-1,1011,708,1012,-1,1012,708,1009,-1,1012,1009,1013,-1,1013,1009,1010,-1,1013,1010,794,-1,794,1010,797,-1,794,797,792,-1,792,797,796,-1,793,789,794,-1,794,789,791,-1,794,791,1013,-1,1013,791,927,-1,1013,927,1012,-1,1012,927,929,-1,1012,929,1011,-1,1011,929,931,-1,1011,931,590,-1,590,931,591,-1,707,593,931,-1,931,593,592,-1,931,592,591,-1,595,594,1014,-1,1014,594,707,-1,1014,707,1015,-1,1015,707,930,-1,1015,930,1016,-1,1016,930,928,-1,1016,928,785,-1,785,928,788,-1,785,788,783,-1,783,788,787,-1,784,780,785,-1,785,780,782,-1,785,782,1016,-1,1016,782,932,-1,1016,932,1015,-1,1015,932,934,-1,1015,934,1014,-1,1014,934,936,-1,1014,936,595,-1,595,936,596,-1,706,598,936,-1,936,598,597,-1,936,597,596,-1,600,599,1017,-1,1017,599,706,-1,1017,706,1018,-1,1018,706,935,-1,1018,935,1019,-1,1019,935,933,-1,1019,933,776,-1,776,933,779,-1,776,779,774,-1,774,779,778,-1,775,1020,776,-1,776,1020,1021,-1,776,1021,1019,-1,1019,1021,1022,-1,1019,1022,1018,-1,1018,1022,1023,-1,1018,1023,1017,-1,1017,1023,705,-1,1017,705,600,-1,600,705,601,-1,603,602,704,-1,704,602,705,-1,704,705,1024,-1,1024,705,1023,-1,1024,1023,1025,-1,1025,1023,1022,-1,1025,1022,818,-1,818,1022,1021,-1,818,1021,816,-1,816,1021,1020,-1,605,604,703,-1,703,604,704,-1,703,704,1026,-1,1026,704,1024,-1,1026,1024,1027,-1,1027,1024,1025,-1,1027,1025,821,-1,821,1025,818,-1,821,818,819,-1,819,818,817,-1,607,606,1028,-1,1028,606,703,-1,1028,703,1029,-1,1029,703,1026,-1,1029,1026,1030,-1,1030,1026,1027,-1,1030,1027,824,-1,824,1027,821,-1,824,821,822,-1,822,821,820,-1,823,825,824,-1,824,825,827,-1,824,827,1030,-1,1030,827,937,-1,1030,937,1029,-1,1029,937,939,-1,1029,939,1028,-1,1028,939,941,-1,1028,941,607,-1,607,941,608,-1,702,610,941,-1,941,610,609,-1,941,609,608,-1,612,611,1031,-1,1031,611,702,-1,1031,702,1032,-1,1032,702,940,-1,1032,940,1033,-1,1033,940,938,-1,1033,938,833,-1,833,938,830,-1,833,830,831,-1,831,830,829,-1,832,834,833,-1,833,834,836,-1,833,836,1033,-1,1033,836,942,-1,1033,942,1032,-1,1032,942,944,-1,1032,944,1031,-1,1031,944,946,-1,1031,946,612,-1,612,946,613,-1,701,615,946,-1,946,615,614,-1,946,614,613,-1,617,616,1034,-1,1034,616,701,-1,1034,701,1035,-1,1035,701,945,-1,1035,945,1036,-1,1036,945,943,-1,1036,943,842,-1,842,943,839,-1,842,839,840,-1,840,839,838,-1,841,843,842,-1,842,843,845,-1,842,845,1036,-1,1036,845,1037,-1,1036,1037,1035,-1,1035,1037,1038,-1,1035,1038,1034,-1,1034,1038,700,-1,1034,700,617,-1,617,700,618,-1,620,619,699,-1,699,619,700,-1,699,700,1039,-1,1039,700,1038,-1,1039,1038,1040,-1,1040,1038,1037,-1,1040,1037,848,-1,848,1037,845,-1,848,845,846,-1,846,845,844,-1,622,621,698,-1,698,621,699,-1,698,699,1041,-1,1041,699,1039,-1,1041,1039,1042,-1,1042,1039,1040,-1,1042,1040,773,-1,773,1040,848,-1,773,848,849,-1,849,848,847,-1,624,623,1043,-1,1043,623,698,-1,1043,698,1044,-1,1044,698,1041,-1,1044,1041,1045,-1,1045,1041,1042,-1,1045,1042,770,-1,770,1042,773,-1,770,773,768,-1,768,773,772,-1,769,765,770,-1,770,765,767,-1,770,767,1045,-1,1045,767,947,-1,1045,947,1044,-1,1044,947,949,-1,1044,949,1043,-1,1043,949,951,-1,1043,951,624,-1,624,951,625,-1,697,627,951,-1,951,627,626,-1,951,626,625,-1,629,628,1046,-1,1046,628,697,-1,1046,697,1047,-1,1047,697,950,-1,1047,950,1048,-1,1048,950,948,-1,1048,948,761,-1,761,948,764,-1,761,764,759,-1,759,764,763,-1,760,952,761,-1,761,952,953,-1,761,953,1048,-1,1048,953,954,-1,1048,954,1047,-1,1047,954,956,-1,1047,956,1046,-1,1046,956,958,-1,1046,958,629,-1,629,958,630,-1,696,632,958,-1,958,632,631,-1,958,631,630,-1,634,633,1049,-1,1049,633,696,-1,1049,696,1050,-1,1050,696,957,-1,1050,957,1051,-1,1051,957,955,-1,1051,955,755,-1,755,955,758,-1,755,758,753,-1,753,758,757,-1,754,750,755,-1,755,750,752,-1,755,752,1051,-1,1051,752,1052,-1,1051,1052,1050,-1,1050,1052,1053,-1,1050,1053,1049,-1,1049,1053,695,-1,1049,695,634,-1,634,695,635,-1,637,636,963,-1,963,636,695,-1,963,695,961,-1,961,695,1053,-1,961,1053,959,-1,959,1053,1052,-1,959,1052,749,-1,749,1052,752,-1,749,752,747,-1,747,752,751,-1,694,639,963,-1,963,639,638,-1,963,638,637,-1,641,640,1054,-1,1054,640,694,-1,1054,694,1055,-1,1055,694,962,-1,1055,962,1056,-1,1056,962,960,-1,1056,960,743,-1,743,960,746,-1,743,746,741,-1,741,746,745,-1,742,738,743,-1,743,738,740,-1,743,740,1056,-1,1056,740,964,-1,1056,964,1055,-1,1055,964,966,-1,1055,966,1054,-1,1054,966,968,-1,1054,968,641,-1,641,968,642,-1,693,644,968,-1,968,644,643,-1,968,643,642,-1,646,645,1057,-1,1057,645,693,-1,1057,693,1058,-1,1058,693,967,-1,1058,967,1059,-1,1059,967,965,-1,1059,965,734,-1,734,965,737,-1,734,737,732,-1,732,737,736,-1,733,729,734,-1,734,729,731,-1,734,731,1059,-1,1059,731,969,-1,1059,969,1058,-1,1058,969,971,-1,1058,971,1057,-1,1057,971,973,-1,1057,973,646,-1,646,973,647,-1,692,649,973,-1,973,649,648,-1,973,648,647,-1,651,650,1060,-1,1060,650,692,-1,1060,692,1061,-1,1061,692,972,-1,1061,972,1062,-1,1062,972,970,-1,1062,970,725,-1,725,970,728,-1,725,728,723,-1,723,728,727,-1,724,720,725,-1,725,720,722,-1,725,722,1062,-1,1062,722,1063,-1,1062,1063,1061,-1,1061,1063,1064,-1,1061,1064,1060,-1,1060,1064,691,-1,1060,691,651,-1,651,691,652,-1,654,653,978,-1,978,653,691,-1,978,691,976,-1,976,691,1064,-1,976,1064,974,-1,974,1064,1063,-1,974,1063,719,-1,719,1063,722,-1,719,722,717,-1,717,722,721,-1,690,656,978,-1,978,656,655,-1,978,655,654,-1,658,657,1065,-1,1065,657,690,-1,1065,690,1066,-1,1066,690,977,-1,1066,977,1067,-1,1067,977,975,-1,1067,975,1068,-1,1068,975,716,-1,1068,716,1069,-1,1069,716,715,-1,1069,850,1068,-1,1068,850,852,-1,1068,852,1067,-1,1067,852,979,-1,1067,979,1066,-1,1066,979,981,-1,1066,981,1065,-1,1065,981,983,-1,1065,983,658,-1,658,983,659,-1,689,661,983,-1,983,661,660,-1,983,660,659,-1,663,662,1070,-1,1070,662,689,-1,1070,689,1071,-1,1071,689,982,-1,1071,982,1072,-1,1072,982,980,-1,1072,980,858,-1,858,980,855,-1,858,855,856,-1,856,855,854,-1,857,859,858,-1,858,859,861,-1,858,861,1072,-1,1072,861,984,-1,1072,984,1071,-1,1071,984,986,-1,1071,986,1070,-1,1070,986,988,-1,1070,988,663,-1,663,988,664,-1,688,666,988,-1,988,666,665,-1,988,665,664,-1,668,667,1073,-1,1073,667,688,-1,1073,688,1074,-1,1074,688,987,-1,1074,987,1075,-1,1075,987,985,-1,1075,985,867,-1,867,985,864,-1,867,864,865,-1,865,864,863,-1,866,868,867,-1,867,868,870,-1,867,870,1075,-1,1075,870,1076,-1,1075,1076,1074,-1,1074,1076,1077,-1,1074,1077,1073,-1,1073,1077,687,-1,1073,687,668,-1,668,687,669,-1,671,670,993,-1,993,670,687,-1,993,687,991,-1,991,687,1077,-1,991,1077,989,-1,989,1077,1076,-1,989,1076,873,-1,873,1076,870,-1,873,870,871,-1,871,870,869,-1,686,673,993,-1,993,673,672,-1,993,672,671,-1,675,674,1078,-1,1078,674,686,-1,1078,686,1079,-1,1079,686,992,-1,1079,992,1080,-1,1080,992,990,-1,1080,990,879,-1,879,990,876,-1,879,876,877,-1,877,876,875,-1,878,880,879,-1,879,880,882,-1,879,882,1080,-1,1080,882,994,-1,1080,994,1079,-1,1079,994,996,-1,1079,996,1078,-1,1078,996,998,-1,1078,998,675,-1,675,998,676,-1,685,678,998,-1,998,678,677,-1,998,677,676,-1,680,679,1081,-1,1081,679,685,-1,1081,685,1082,-1,1082,685,997,-1,1082,997,1083,-1,1083,997,995,-1,1083,995,713,-1,713,995,885,-1,713,885,886,-1,886,885,884,-1,712,887,713,-1,713,887,889,-1,713,889,1083,-1,1083,889,908,-1,1083,908,1082,-1,1082,908,914,-1,1082,914,1081,-1,1081,914,1002,-1,1081,1002,680,-1,680,1002,681,-1,575,574,916,-1,916,574,573,-1,916,573,999,-1,999,573,572,-1,999,572,1000,-1,1000,572,684,-1,1000,684,1001,-1,1001,684,683,-1,1001,683,1002,-1,1002,683,682,-1,1002,682,681,-1,902,893,1084,-1,892,890,1085,-1,888,887,1086,-1,712,711,1087,-1,886,884,1088,-1,883,881,1089,-1,871,869,1090,-1,868,866,1091,-1,865,863,1092,-1,862,860,1093,-1,859,857,1094,-1,856,854,1095,-1,760,759,1096,-1,763,762,1097,-1,766,765,1098,-1,769,768,1099,-1,772,771,1100,-1,849,847,1101,-1,837,835,1102,-1,834,832,1103,-1,831,829,1104,-1,828,826,1105,-1,825,823,1106,-1,822,820,1107,-1,819,817,1108,-1,1109,1110,1111,-1,1112,1113,1114,-1,1115,1116,1117,-1,1118,1119,1120,-1,1121,1122,1123,-1,1124,1125,1126,-1,1127,1128,1129,-1,1130,1131,1132,-1,1133,1134,1135,-1,1136,1137,1138,-1,1139,1140,1141,-1,1142,1143,1144,-1,1145,1146,1147,-1,1148,1149,1150,-1,1151,1152,1153,-1,1154,1155,1156,-1,1157,1158,1159,-1,1160,1161,1162,-1,1163,1164,1165,-1,1166,1167,1168,-1,1169,1170,1171,-1,1172,1173,1174,-1,1175,1176,1177,-1,1178,1179,1180,-1,1181,1182,1183,-1,1184,1185,1186,-1,1187,1188,1189,-1,1190,1191,1192,-1,1193,1194,1195,-1,1196,1197,1198,-1,1199,1200,1201,-1,1202,1203,1204,-1,1205,1206,1207,-1,1208,1209,1210,-1,1211,1212,1213,-1,1214,1215,1216,-1,1217,1218,1219,-1,1220,1221,1222,-1,1222,1223,1224,-1,1224,1223,1225,-1,1225,1226,1227,-1,1227,1226,1228,-1,1228,1229,1230,-1,1230,1229,1231,-1,1231,1232,1233,-1,1233,1232,1234,-1,1234,1235,1236,-1,1236,1235,1217,-1,1214,1216,1218,-1,1211,1213,1215,-1,1208,1210,1212,-1,1205,1207,1209,-1,1202,1204,1206,-1,1199,1201,1203,-1,1196,1198,1200,-1,1193,1195,1197,-1,1190,1192,1194,-1,1191,1237,1238,-1,1238,1237,1239,-1,1238,1239,1240,-1,1240,1241,1242,-1,1242,1241,1187,-1,1243,1244,1112,-1,1112,1244,1245,-1,1112,1245,1113,-1,1113,1245,1246,-1,1113,1246,1247,-1,1248,1249,1250,-1,1251,1252,1253,-1,1254,1255,1256,-1,1257,1258,1259,-1,1260,1261,1262,-1,1263,1264,1265,-1,1265,1266,1267,-1,1267,1266,1268,-1,1267,1268,1269,-1,1269,1270,1271,-1,1271,1270,1272,-1,1272,1273,1274,-1,1274,1273,1275,-1,1275,1276,1277,-1,1277,1276,1278,-1,1278,1279,1280,-1,1280,1279,1281,-1,1281,1282,1283,-1,1283,1282,1166,-1,1163,1165,1167,-1,1160,1162,1164,-1,1157,1159,1161,-1,1154,1156,1158,-1,1151,1153,1155,-1,1148,1150,1152,-1,1145,1147,1149,-1,1142,1144,1146,-1,1139,1141,1143,-1,1140,1284,1285,-1,1285,1284,1286,-1,1285,1286,1136,-1,1287,1288,1109,-1,1109,1288,1289,-1,1109,1289,1110,-1,1110,1289,1290,-1,1110,1290,1291,-1,1292,1293,1294,-1,1295,1296,1297,-1,1298,1299,1300,-1,1301,1302,1303,-1,1304,1305,1306,-1,1307,1114,1308,-1,1308,1114,1113,-1,1308,1113,1248,-1,1248,1113,1247,-1,1248,1247,1249,-1,1309,1111,1310,-1,1310,1111,1110,-1,1310,1110,1292,-1,1292,1110,1291,-1,1292,1291,1293,-1,1311,1307,1312,-1,1312,1307,1308,-1,1312,1308,1313,-1,1313,1308,1248,-1,1313,1248,1251,-1,1251,1248,1250,-1,1251,1250,1252,-1,1314,1309,1315,-1,1315,1309,1310,-1,1315,1310,1316,-1,1316,1310,1292,-1,1316,1292,1295,-1,1295,1292,1294,-1,1295,1294,1296,-1,1317,1311,1318,-1,1318,1311,1312,-1,1318,1312,1319,-1,1319,1312,1313,-1,1319,1313,1320,-1,1320,1313,1251,-1,1320,1251,1254,-1,1254,1251,1253,-1,1254,1253,1255,-1,1321,1314,1322,-1,1322,1314,1315,-1,1322,1315,1323,-1,1323,1315,1316,-1,1323,1316,1324,-1,1324,1316,1295,-1,1324,1295,1298,-1,1298,1295,1297,-1,1298,1297,1299,-1,1325,1317,1326,-1,1326,1317,1318,-1,1326,1318,1327,-1,1327,1318,1319,-1,1327,1319,1328,-1,1328,1319,1320,-1,1328,1320,1329,-1,1329,1320,1254,-1,1329,1254,1257,-1,1257,1254,1256,-1,1257,1256,1258,-1,1330,1321,1331,-1,1331,1321,1322,-1,1331,1322,1332,-1,1332,1322,1323,-1,1332,1323,1333,-1,1333,1323,1324,-1,1333,1324,1334,-1,1334,1324,1298,-1,1334,1298,1301,-1,1301,1298,1300,-1,1301,1300,1302,-1,1335,1325,1336,-1,1336,1325,1326,-1,1336,1326,1337,-1,1337,1326,1327,-1,1337,1327,1338,-1,1338,1327,1328,-1,1338,1328,1339,-1,1339,1328,1329,-1,1339,1329,1340,-1,1340,1329,1257,-1,1340,1257,1260,-1,1260,1257,1259,-1,1260,1259,1261,-1,1341,1330,1342,-1,1342,1330,1331,-1,1342,1331,1343,-1,1343,1331,1332,-1,1343,1332,1344,-1,1344,1332,1333,-1,1344,1333,1345,-1,1345,1333,1334,-1,1345,1334,1346,-1,1346,1334,1301,-1,1346,1301,1304,-1,1304,1301,1303,-1,1304,1303,1305,-1,1096,1335,1347,-1,1347,1335,1336,-1,1347,1336,1348,-1,1348,1336,1337,-1,1348,1337,1349,-1,1349,1337,1338,-1,1349,1338,1350,-1,1350,1338,1339,-1,1350,1339,1351,-1,1351,1339,1340,-1,1351,1340,1352,-1,1352,1340,1260,-1,1352,1260,1263,-1,1263,1260,1262,-1,1263,1262,1264,-1,1353,1341,1354,-1,1354,1341,1342,-1,1354,1342,1355,-1,1355,1342,1343,-1,1355,1343,1356,-1,1356,1343,1344,-1,1356,1344,1357,-1,1357,1344,1345,-1,1357,1345,1358,-1,1358,1345,1346,-1,1358,1346,1359,-1,1359,1346,1304,-1,1359,1304,1220,-1,1220,1304,1306,-1,1220,1306,1221,-1,1360,1361,1362,-1,1363,1364,1365,-1,1366,897,899,-1,1222,1224,1220,-1,1220,1224,1367,-1,1220,1367,1359,-1,1359,1367,1368,-1,1359,1368,1358,-1,1358,1368,1369,-1,1358,1369,1357,-1,1357,1369,1370,-1,1357,1370,1356,-1,1356,1370,1371,-1,1356,1371,1355,-1,1355,1371,1372,-1,1355,1372,1354,-1,1354,1372,1366,-1,1354,1366,1353,-1,1353,1366,899,-1,1353,899,901,-1,1373,813,895,-1,1225,1227,1224,-1,1224,1227,1374,-1,1224,1374,1367,-1,1367,1374,1375,-1,1367,1375,1368,-1,1368,1375,1376,-1,1368,1376,1369,-1,1369,1376,1377,-1,1369,1377,1370,-1,1370,1377,1378,-1,1370,1378,1371,-1,1371,1378,1379,-1,1371,1379,1372,-1,1372,1379,1373,-1,1372,1373,1366,-1,1366,1373,895,-1,1366,895,897,-1,1380,810,814,-1,1228,1230,1227,-1,1227,1230,1381,-1,1227,1381,1374,-1,1374,1381,1382,-1,1374,1382,1375,-1,1375,1382,1383,-1,1375,1383,1376,-1,1376,1383,1384,-1,1376,1384,1377,-1,1377,1384,1385,-1,1377,1385,1378,-1,1378,1385,1386,-1,1378,1386,1379,-1,1379,1386,1380,-1,1379,1380,1373,-1,1373,1380,814,-1,1373,814,813,-1,1387,807,811,-1,1231,1233,1230,-1,1230,1233,1388,-1,1230,1388,1381,-1,1381,1388,1389,-1,1381,1389,1382,-1,1382,1389,1390,-1,1382,1390,1383,-1,1383,1390,1391,-1,1383,1391,1384,-1,1384,1391,1392,-1,1384,1392,1385,-1,1385,1392,1393,-1,1385,1393,1386,-1,1386,1393,1387,-1,1386,1387,1380,-1,1380,1387,811,-1,1380,811,810,-1,1394,804,808,-1,1234,1236,1233,-1,1233,1236,1395,-1,1233,1395,1388,-1,1388,1395,1396,-1,1388,1396,1389,-1,1389,1396,1397,-1,1389,1397,1390,-1,1390,1397,1398,-1,1390,1398,1391,-1,1391,1398,1399,-1,1391,1399,1392,-1,1392,1399,1400,-1,1392,1400,1393,-1,1393,1400,1394,-1,1393,1394,1387,-1,1387,1394,808,-1,1387,808,807,-1,1401,801,805,-1,1217,1219,1236,-1,1236,1219,1402,-1,1236,1402,1395,-1,1395,1402,1403,-1,1395,1403,1396,-1,1396,1403,1404,-1,1396,1404,1397,-1,1397,1404,1405,-1,1397,1405,1398,-1,1398,1405,1406,-1,1398,1406,1399,-1,1399,1406,1407,-1,1399,1407,1400,-1,1400,1407,1401,-1,1400,1401,1394,-1,1394,1401,805,-1,1394,805,804,-1,1408,798,802,-1,1218,1216,1219,-1,1219,1216,1409,-1,1219,1409,1402,-1,1402,1409,1410,-1,1402,1410,1403,-1,1403,1410,1411,-1,1403,1411,1404,-1,1404,1411,1412,-1,1404,1412,1405,-1,1405,1412,1413,-1,1405,1413,1406,-1,1406,1413,1414,-1,1406,1414,1407,-1,1407,1414,1408,-1,1407,1408,1401,-1,1401,1408,802,-1,1401,802,801,-1,1415,795,799,-1,1215,1213,1216,-1,1216,1213,1416,-1,1216,1416,1409,-1,1409,1416,1417,-1,1409,1417,1410,-1,1410,1417,1418,-1,1410,1418,1411,-1,1411,1418,1419,-1,1411,1419,1412,-1,1412,1419,1420,-1,1412,1420,1413,-1,1413,1420,1421,-1,1413,1421,1414,-1,1414,1421,1415,-1,1414,1415,1408,-1,1408,1415,799,-1,1408,799,798,-1,1422,792,796,-1,1212,1210,1213,-1,1213,1210,1423,-1,1213,1423,1416,-1,1416,1423,1424,-1,1416,1424,1417,-1,1417,1424,1425,-1,1417,1425,1418,-1,1418,1425,1426,-1,1418,1426,1419,-1,1419,1426,1427,-1,1419,1427,1420,-1,1420,1427,1428,-1,1420,1428,1421,-1,1421,1428,1422,-1,1421,1422,1415,-1,1415,1422,796,-1,1415,796,795,-1,1429,789,793,-1,1209,1207,1210,-1,1210,1207,1430,-1,1210,1430,1423,-1,1423,1430,1431,-1,1423,1431,1424,-1,1424,1431,1432,-1,1424,1432,1425,-1,1425,1432,1433,-1,1425,1433,1426,-1,1426,1433,1434,-1,1426,1434,1427,-1,1427,1434,1435,-1,1427,1435,1428,-1,1428,1435,1429,-1,1428,1429,1422,-1,1422,1429,793,-1,1422,793,792,-1,1436,786,790,-1,1206,1204,1207,-1,1207,1204,1437,-1,1207,1437,1430,-1,1430,1437,1438,-1,1430,1438,1431,-1,1431,1438,1439,-1,1431,1439,1432,-1,1432,1439,1440,-1,1432,1440,1433,-1,1433,1440,1441,-1,1433,1441,1434,-1,1434,1441,1442,-1,1434,1442,1435,-1,1435,1442,1436,-1,1435,1436,1429,-1,1429,1436,790,-1,1429,790,789,-1,1443,783,787,-1,1203,1201,1204,-1,1204,1201,1444,-1,1204,1444,1437,-1,1437,1444,1445,-1,1437,1445,1438,-1,1438,1445,1446,-1,1438,1446,1439,-1,1439,1446,1447,-1,1439,1447,1440,-1,1440,1447,1448,-1,1440,1448,1441,-1,1441,1448,1449,-1,1441,1449,1442,-1,1442,1449,1443,-1,1442,1443,1436,-1,1436,1443,787,-1,1436,787,786,-1,1450,780,784,-1,1200,1198,1201,-1,1201,1198,1451,-1,1201,1451,1444,-1,1444,1451,1452,-1,1444,1452,1445,-1,1445,1452,1453,-1,1445,1453,1446,-1,1446,1453,1454,-1,1446,1454,1447,-1,1447,1454,1455,-1,1447,1455,1448,-1,1448,1455,1456,-1,1448,1456,1449,-1,1449,1456,1450,-1,1449,1450,1443,-1,1443,1450,784,-1,1443,784,783,-1,1457,777,781,-1,1197,1195,1198,-1,1198,1195,1458,-1,1198,1458,1451,-1,1451,1458,1459,-1,1451,1459,1452,-1,1452,1459,1460,-1,1452,1460,1453,-1,1453,1460,1461,-1,1453,1461,1454,-1,1454,1461,1462,-1,1454,1462,1455,-1,1455,1462,1463,-1,1455,1463,1456,-1,1456,1463,1457,-1,1456,1457,1450,-1,1450,1457,781,-1,1450,781,780,-1,1464,774,778,-1,1194,1192,1195,-1,1195,1192,1465,-1,1195,1465,1458,-1,1458,1465,1466,-1,1458,1466,1459,-1,1459,1466,1467,-1,1459,1467,1460,-1,1460,1467,1468,-1,1460,1468,1461,-1,1461,1468,1469,-1,1461,1469,1462,-1,1462,1469,1470,-1,1462,1470,1463,-1,1463,1470,1464,-1,1463,1464,1457,-1,1457,1464,778,-1,1457,778,777,-1,816,1020,1471,-1,1471,1020,775,-1,1191,1238,1192,-1,1192,1238,1472,-1,1192,1472,1465,-1,1465,1472,1473,-1,1465,1473,1466,-1,1466,1473,1474,-1,1466,1474,1467,-1,1467,1474,1475,-1,1467,1475,1468,-1,1468,1475,1476,-1,1468,1476,1469,-1,1469,1476,1477,-1,1469,1477,1470,-1,1470,1477,1471,-1,1470,1471,1464,-1,1464,1471,775,-1,1464,775,774,-1,1240,1242,1238,-1,1238,1242,1478,-1,1238,1478,1472,-1,1472,1478,1479,-1,1472,1479,1473,-1,1473,1479,1480,-1,1473,1480,1474,-1,1474,1480,1481,-1,1474,1481,1475,-1,1475,1481,1482,-1,1475,1482,1476,-1,1476,1482,1483,-1,1476,1483,1477,-1,1477,1483,1108,-1,1477,1108,1471,-1,1471,1108,817,-1,1471,817,816,-1,1187,1189,1242,-1,1242,1189,1484,-1,1242,1484,1478,-1,1478,1484,1485,-1,1478,1485,1479,-1,1479,1485,1486,-1,1479,1486,1480,-1,1480,1486,1487,-1,1480,1487,1481,-1,1481,1487,1488,-1,1481,1488,1482,-1,1482,1488,1489,-1,1482,1489,1483,-1,1483,1489,1107,-1,1483,1107,1108,-1,1108,1107,820,-1,1108,820,819,-1,1189,1490,1484,-1,1484,1490,1491,-1,1484,1491,1485,-1,1485,1491,1492,-1,1485,1492,1486,-1,1486,1492,1493,-1,1486,1493,1487,-1,1487,1493,1494,-1,1487,1494,1488,-1,1488,1494,1495,-1,1488,1495,1489,-1,1489,1495,1106,-1,1489,1106,1107,-1,1107,1106,823,-1,1107,823,822,-1,1490,1496,1491,-1,1491,1496,1497,-1,1491,1497,1492,-1,1492,1497,1498,-1,1492,1498,1493,-1,1493,1498,1499,-1,1493,1499,1494,-1,1494,1499,1500,-1,1494,1500,1495,-1,1495,1500,1105,-1,1495,1105,1106,-1,1106,1105,826,-1,1106,826,825,-1,1496,1501,1497,-1,1497,1501,1502,-1,1497,1502,1498,-1,1498,1502,1503,-1,1498,1503,1499,-1,1499,1503,1504,-1,1499,1504,1500,-1,1500,1504,1104,-1,1500,1104,1105,-1,1105,1104,829,-1,1105,829,828,-1,1501,1505,1502,-1,1502,1505,1506,-1,1502,1506,1503,-1,1503,1506,1507,-1,1503,1507,1504,-1,1504,1507,1103,-1,1504,1103,1104,-1,1104,1103,832,-1,1104,832,831,-1,1505,1508,1506,-1,1506,1508,1509,-1,1506,1509,1507,-1,1507,1509,1102,-1,1507,1102,1103,-1,1103,1102,835,-1,1103,835,834,-1,1508,1362,1509,-1,1509,1362,1361,-1,1509,1361,1102,-1,1102,1361,838,-1,1102,838,837,-1,846,844,1510,-1,1510,844,1360,-1,1510,1360,1511,-1,1511,1360,1362,-1,1511,1362,1512,-1,1512,1362,1508,-1,1512,1508,1513,-1,1513,1508,1505,-1,1513,1505,1514,-1,1514,1505,1501,-1,1514,1501,1515,-1,1515,1501,1496,-1,1515,1496,1516,-1,1516,1496,1490,-1,1516,1490,1186,-1,1186,1490,1189,-1,1186,1189,1184,-1,1184,1189,1188,-1,844,843,1360,-1,1360,843,841,-1,1360,841,1361,-1,1361,841,840,-1,1361,840,838,-1,847,846,1101,-1,1101,846,1510,-1,1101,1510,1517,-1,1517,1510,1511,-1,1517,1511,1518,-1,1518,1511,1512,-1,1518,1512,1519,-1,1519,1512,1513,-1,1519,1513,1520,-1,1520,1513,1514,-1,1520,1514,1521,-1,1521,1514,1515,-1,1521,1515,1522,-1,1522,1515,1516,-1,1522,1516,1183,-1,1183,1516,1186,-1,1183,1186,1181,-1,1181,1186,1185,-1,771,849,1100,-1,1100,849,1101,-1,1100,1101,1523,-1,1523,1101,1517,-1,1523,1517,1524,-1,1524,1517,1518,-1,1524,1518,1525,-1,1525,1518,1519,-1,1525,1519,1526,-1,1526,1519,1520,-1,1526,1520,1527,-1,1527,1520,1521,-1,1527,1521,1528,-1,1528,1521,1522,-1,1528,1522,1180,-1,1180,1522,1183,-1,1180,1183,1178,-1,1178,1183,1182,-1,768,772,1099,-1,1099,772,1100,-1,1099,1100,1529,-1,1529,1100,1523,-1,1529,1523,1530,-1,1530,1523,1524,-1,1530,1524,1531,-1,1531,1524,1525,-1,1531,1525,1532,-1,1532,1525,1526,-1,1532,1526,1533,-1,1533,1526,1527,-1,1533,1527,1534,-1,1534,1527,1528,-1,1534,1528,1177,-1,1177,1528,1180,-1,1177,1180,1175,-1,1175,1180,1179,-1,765,769,1098,-1,1098,769,1099,-1,1098,1099,1535,-1,1535,1099,1529,-1,1535,1529,1536,-1,1536,1529,1530,-1,1536,1530,1537,-1,1537,1530,1531,-1,1537,1531,1538,-1,1538,1531,1532,-1,1538,1532,1539,-1,1539,1532,1533,-1,1539,1533,1540,-1,1540,1533,1534,-1,1540,1534,1174,-1,1174,1534,1177,-1,1174,1177,1172,-1,1172,1177,1176,-1,762,766,1097,-1,1097,766,1098,-1,1097,1098,1541,-1,1541,1098,1535,-1,1541,1535,1542,-1,1542,1535,1536,-1,1542,1536,1543,-1,1543,1536,1537,-1,1543,1537,1544,-1,1544,1537,1538,-1,1544,1538,1545,-1,1545,1538,1539,-1,1545,1539,1546,-1,1546,1539,1540,-1,1546,1540,1171,-1,1171,1540,1174,-1,1171,1174,1169,-1,1169,1174,1173,-1,759,763,1096,-1,1096,763,1097,-1,1096,1097,1335,-1,1335,1097,1541,-1,1335,1541,1325,-1,1325,1541,1542,-1,1325,1542,1317,-1,1317,1542,1543,-1,1317,1543,1311,-1,1311,1543,1544,-1,1311,1544,1307,-1,1307,1544,1545,-1,1307,1545,1114,-1,1114,1545,1546,-1,1114,1546,1112,-1,1112,1546,1171,-1,1112,1171,1243,-1,1243,1171,1170,-1,1547,756,952,-1,1265,1267,1263,-1,1263,1267,1548,-1,1263,1548,1352,-1,1352,1548,1549,-1,1352,1549,1351,-1,1351,1549,1550,-1,1351,1550,1350,-1,1350,1550,1551,-1,1350,1551,1349,-1,1349,1551,1552,-1,1349,1552,1348,-1,1348,1552,1553,-1,1348,1553,1347,-1,1347,1553,1547,-1,1347,1547,1096,-1,1096,1547,952,-1,1096,952,760,-1,1554,753,757,-1,1269,1271,1267,-1,1267,1271,1555,-1,1267,1555,1548,-1,1548,1555,1556,-1,1548,1556,1549,-1,1549,1556,1557,-1,1549,1557,1550,-1,1550,1557,1558,-1,1550,1558,1551,-1,1551,1558,1559,-1,1551,1559,1552,-1,1552,1559,1560,-1,1552,1560,1553,-1,1553,1560,1554,-1,1553,1554,1547,-1,1547,1554,757,-1,1547,757,756,-1,1561,750,754,-1,1272,1274,1271,-1,1271,1274,1562,-1,1271,1562,1555,-1,1555,1562,1563,-1,1555,1563,1556,-1,1556,1563,1564,-1,1556,1564,1557,-1,1557,1564,1565,-1,1557,1565,1558,-1,1558,1565,1566,-1,1558,1566,1559,-1,1559,1566,1567,-1,1559,1567,1560,-1,1560,1567,1561,-1,1560,1561,1554,-1,1554,1561,754,-1,1554,754,753,-1,1568,747,751,-1,1275,1277,1274,-1,1274,1277,1569,-1,1274,1569,1562,-1,1562,1569,1570,-1,1562,1570,1563,-1,1563,1570,1571,-1,1563,1571,1564,-1,1564,1571,1572,-1,1564,1572,1565,-1,1565,1572,1573,-1,1565,1573,1566,-1,1566,1573,1574,-1,1566,1574,1567,-1,1567,1574,1568,-1,1567,1568,1561,-1,1561,1568,751,-1,1561,751,750,-1,1575,744,748,-1,1278,1280,1277,-1,1277,1280,1576,-1,1277,1576,1569,-1,1569,1576,1577,-1,1569,1577,1570,-1,1570,1577,1578,-1,1570,1578,1571,-1,1571,1578,1579,-1,1571,1579,1572,-1,1572,1579,1580,-1,1572,1580,1573,-1,1573,1580,1581,-1,1573,1581,1574,-1,1574,1581,1575,-1,1574,1575,1568,-1,1568,1575,748,-1,1568,748,747,-1,1582,741,745,-1,1281,1283,1280,-1,1280,1283,1583,-1,1280,1583,1576,-1,1576,1583,1584,-1,1576,1584,1577,-1,1577,1584,1585,-1,1577,1585,1578,-1,1578,1585,1586,-1,1578,1586,1579,-1,1579,1586,1587,-1,1579,1587,1580,-1,1580,1587,1588,-1,1580,1588,1581,-1,1581,1588,1582,-1,1581,1582,1575,-1,1575,1582,745,-1,1575,745,744,-1,1589,738,742,-1,1166,1168,1283,-1,1283,1168,1590,-1,1283,1590,1583,-1,1583,1590,1591,-1,1583,1591,1584,-1,1584,1591,1592,-1,1584,1592,1585,-1,1585,1592,1593,-1,1585,1593,1586,-1,1586,1593,1594,-1,1586,1594,1587,-1,1587,1594,1595,-1,1587,1595,1588,-1,1588,1595,1589,-1,1588,1589,1582,-1,1582,1589,742,-1,1582,742,741,-1,1596,735,739,-1,1167,1165,1168,-1,1168,1165,1597,-1,1168,1597,1590,-1,1590,1597,1598,-1,1590,1598,1591,-1,1591,1598,1599,-1,1591,1599,1592,-1,1592,1599,1600,-1,1592,1600,1593,-1,1593,1600,1601,-1,1593,1601,1594,-1,1594,1601,1602,-1,1594,1602,1595,-1,1595,1602,1596,-1,1595,1596,1589,-1,1589,1596,739,-1,1589,739,738,-1,1603,732,736,-1,1164,1162,1165,-1,1165,1162,1604,-1,1165,1604,1597,-1,1597,1604,1605,-1,1597,1605,1598,-1,1598,1605,1606,-1,1598,1606,1599,-1,1599,1606,1607,-1,1599,1607,1600,-1,1600,1607,1608,-1,1600,1608,1601,-1,1601,1608,1609,-1,1601,1609,1602,-1,1602,1609,1603,-1,1602,1603,1596,-1,1596,1603,736,-1,1596,736,735,-1,1610,729,733,-1,1161,1159,1162,-1,1162,1159,1611,-1,1162,1611,1604,-1,1604,1611,1612,-1,1604,1612,1605,-1,1605,1612,1613,-1,1605,1613,1606,-1,1606,1613,1614,-1,1606,1614,1607,-1,1607,1614,1615,-1,1607,1615,1608,-1,1608,1615,1616,-1,1608,1616,1609,-1,1609,1616,1610,-1,1609,1610,1603,-1,1603,1610,733,-1,1603,733,732,-1,1617,726,730,-1,1158,1156,1159,-1,1159,1156,1618,-1,1159,1618,1611,-1,1611,1618,1619,-1,1611,1619,1612,-1,1612,1619,1620,-1,1612,1620,1613,-1,1613,1620,1621,-1,1613,1621,1614,-1,1614,1621,1622,-1,1614,1622,1615,-1,1615,1622,1623,-1,1615,1623,1616,-1,1616,1623,1617,-1,1616,1617,1610,-1,1610,1617,730,-1,1610,730,729,-1,1624,723,727,-1,1155,1153,1156,-1,1156,1153,1625,-1,1156,1625,1618,-1,1618,1625,1626,-1,1618,1626,1619,-1,1619,1626,1627,-1,1619,1627,1620,-1,1620,1627,1628,-1,1620,1628,1621,-1,1621,1628,1629,-1,1621,1629,1622,-1,1622,1629,1630,-1,1622,1630,1623,-1,1623,1630,1624,-1,1623,1624,1617,-1,1617,1624,727,-1,1617,727,726,-1,1631,720,724,-1,1152,1150,1153,-1,1153,1150,1632,-1,1153,1632,1625,-1,1625,1632,1633,-1,1625,1633,1626,-1,1626,1633,1634,-1,1626,1634,1627,-1,1627,1634,1635,-1,1627,1635,1628,-1,1628,1635,1636,-1,1628,1636,1629,-1,1629,1636,1637,-1,1629,1637,1630,-1,1630,1637,1631,-1,1630,1631,1624,-1,1624,1631,724,-1,1624,724,723,-1,1638,717,721,-1,1149,1147,1150,-1,1150,1147,1639,-1,1150,1639,1632,-1,1632,1639,1640,-1,1632,1640,1633,-1,1633,1640,1641,-1,1633,1641,1634,-1,1634,1641,1642,-1,1634,1642,1635,-1,1635,1642,1643,-1,1635,1643,1636,-1,1636,1643,1644,-1,1636,1644,1637,-1,1637,1644,1638,-1,1637,1638,1631,-1,1631,1638,721,-1,1631,721,720,-1,1645,714,718,-1,1146,1144,1147,-1,1147,1144,1646,-1,1147,1646,1639,-1,1639,1646,1647,-1,1639,1647,1640,-1,1640,1647,1648,-1,1640,1648,1641,-1,1641,1648,1649,-1,1641,1649,1642,-1,1642,1649,1650,-1,1642,1650,1643,-1,1643,1650,1651,-1,1643,1651,1644,-1,1644,1651,1645,-1,1644,1645,1638,-1,1638,1645,718,-1,1638,718,717,-1,1652,1069,715,-1,1143,1141,1144,-1,1144,1141,1653,-1,1144,1653,1646,-1,1646,1653,1654,-1,1646,1654,1647,-1,1647,1654,1655,-1,1647,1655,1648,-1,1648,1655,1656,-1,1648,1656,1649,-1,1649,1656,1657,-1,1649,1657,1650,-1,1650,1657,1658,-1,1650,1658,1651,-1,1651,1658,1652,-1,1651,1652,1645,-1,1645,1652,715,-1,1645,715,714,-1,853,851,1659,-1,1659,851,850,-1,1140,1285,1141,-1,1141,1285,1660,-1,1141,1660,1653,-1,1653,1660,1661,-1,1653,1661,1654,-1,1654,1661,1662,-1,1654,1662,1655,-1,1655,1662,1663,-1,1655,1663,1656,-1,1656,1663,1664,-1,1656,1664,1657,-1,1657,1664,1665,-1,1657,1665,1658,-1,1658,1665,1659,-1,1658,1659,1652,-1,1652,1659,850,-1,1652,850,1069,-1,1136,1138,1285,-1,1285,1138,1666,-1,1285,1666,1660,-1,1660,1666,1667,-1,1660,1667,1661,-1,1661,1667,1668,-1,1661,1668,1662,-1,1662,1668,1669,-1,1662,1669,1663,-1,1663,1669,1670,-1,1663,1670,1664,-1,1664,1670,1671,-1,1664,1671,1665,-1,1665,1671,1095,-1,1665,1095,1659,-1,1659,1095,854,-1,1659,854,853,-1,1138,1672,1666,-1,1666,1672,1673,-1,1666,1673,1667,-1,1667,1673,1674,-1,1667,1674,1668,-1,1668,1674,1675,-1,1668,1675,1669,-1,1669,1675,1676,-1,1669,1676,1670,-1,1670,1676,1677,-1,1670,1677,1671,-1,1671,1677,1094,-1,1671,1094,1095,-1,1095,1094,857,-1,1095,857,856,-1,1672,1678,1673,-1,1673,1678,1679,-1,1673,1679,1674,-1,1674,1679,1680,-1,1674,1680,1675,-1,1675,1680,1681,-1,1675,1681,1676,-1,1676,1681,1682,-1,1676,1682,1677,-1,1677,1682,1093,-1,1677,1093,1094,-1,1094,1093,860,-1,1094,860,859,-1,1678,1683,1679,-1,1679,1683,1684,-1,1679,1684,1680,-1,1680,1684,1685,-1,1680,1685,1681,-1,1681,1685,1686,-1,1681,1686,1682,-1,1682,1686,1092,-1,1682,1092,1093,-1,1093,1092,863,-1,1093,863,862,-1,1683,1687,1684,-1,1684,1687,1688,-1,1684,1688,1685,-1,1685,1688,1689,-1,1685,1689,1686,-1,1686,1689,1091,-1,1686,1091,1092,-1,1092,1091,866,-1,1092,866,865,-1,1687,1690,1688,-1,1688,1690,1691,-1,1688,1691,1689,-1,1689,1691,1090,-1,1689,1090,1091,-1,1091,1090,869,-1,1091,869,868,-1,1690,1365,1691,-1,1691,1365,1364,-1,1691,1364,1090,-1,1090,1364,872,-1,1090,872,871,-1,880,878,1692,-1,1692,878,1363,-1,1692,1363,1693,-1,1693,1363,1365,-1,1693,1365,1694,-1,1694,1365,1690,-1,1694,1690,1695,-1,1695,1690,1687,-1,1695,1687,1696,-1,1696,1687,1683,-1,1696,1683,1697,-1,1697,1683,1678,-1,1697,1678,1698,-1,1698,1678,1672,-1,1698,1672,1135,-1,1135,1672,1138,-1,1135,1138,1133,-1,1133,1138,1137,-1,878,877,1363,-1,1363,877,875,-1,1363,875,1364,-1,1364,875,874,-1,1364,874,872,-1,881,880,1089,-1,1089,880,1692,-1,1089,1692,1699,-1,1699,1692,1693,-1,1699,1693,1700,-1,1700,1693,1694,-1,1700,1694,1701,-1,1701,1694,1695,-1,1701,1695,1702,-1,1702,1695,1696,-1,1702,1696,1703,-1,1703,1696,1697,-1,1703,1697,1704,-1,1704,1697,1698,-1,1704,1698,1132,-1,1132,1698,1135,-1,1132,1135,1130,-1,1130,1135,1134,-1,884,883,1088,-1,1088,883,1089,-1,1088,1089,1705,-1,1705,1089,1699,-1,1705,1699,1706,-1,1706,1699,1700,-1,1706,1700,1707,-1,1707,1700,1701,-1,1707,1701,1708,-1,1708,1701,1702,-1,1708,1702,1709,-1,1709,1702,1703,-1,1709,1703,1710,-1,1710,1703,1704,-1,1710,1704,1129,-1,1129,1704,1132,-1,1129,1132,1127,-1,1127,1132,1131,-1,711,886,1087,-1,1087,886,1088,-1,1087,1088,1711,-1,1711,1088,1705,-1,1711,1705,1712,-1,1712,1705,1706,-1,1712,1706,1713,-1,1713,1706,1707,-1,1713,1707,1714,-1,1714,1707,1708,-1,1714,1708,1715,-1,1715,1708,1709,-1,1715,1709,1716,-1,1716,1709,1710,-1,1716,1710,1126,-1,1126,1710,1129,-1,1126,1129,1124,-1,1124,1129,1128,-1,887,712,1086,-1,1086,712,1087,-1,1086,1087,1717,-1,1717,1087,1711,-1,1717,1711,1718,-1,1718,1711,1712,-1,1718,1712,1719,-1,1719,1712,1713,-1,1719,1713,1720,-1,1720,1713,1714,-1,1720,1714,1721,-1,1721,1714,1715,-1,1721,1715,1722,-1,1722,1715,1716,-1,1722,1716,1123,-1,1123,1716,1126,-1,1123,1126,1121,-1,1121,1126,1125,-1,890,888,1085,-1,1085,888,1086,-1,1085,1086,1723,-1,1723,1086,1717,-1,1723,1717,1724,-1,1724,1717,1718,-1,1724,1718,1725,-1,1725,1718,1719,-1,1725,1719,1726,-1,1726,1719,1720,-1,1726,1720,1727,-1,1727,1720,1721,-1,1727,1721,1728,-1,1728,1721,1722,-1,1728,1722,1120,-1,1120,1722,1123,-1,1120,1123,1118,-1,1118,1123,1122,-1,893,892,1084,-1,1084,892,1085,-1,1084,1085,1729,-1,1729,1085,1723,-1,1729,1723,1730,-1,1730,1723,1724,-1,1730,1724,1731,-1,1731,1724,1725,-1,1731,1725,1732,-1,1732,1725,1726,-1,1732,1726,1733,-1,1733,1726,1727,-1,1733,1727,1734,-1,1734,1727,1728,-1,1734,1728,1117,-1,1117,1728,1120,-1,1117,1120,1115,-1,1115,1120,1119,-1,901,902,1353,-1,1353,902,1084,-1,1353,1084,1341,-1,1341,1084,1729,-1,1341,1729,1330,-1,1330,1729,1730,-1,1330,1730,1321,-1,1321,1730,1731,-1,1321,1731,1314,-1,1314,1731,1732,-1,1314,1732,1309,-1,1309,1732,1733,-1,1309,1733,1111,-1,1111,1733,1734,-1,1111,1734,1109,-1,1109,1734,1117,-1,1109,1117,1287,-1,1287,1117,1116,-1,1305,1303,1735,-1,1302,1300,1736,-1,1299,1297,1737,-1,1296,1294,1738,-1,1293,1291,1739,-1,1290,1289,1740,-1,1288,1287,1741,-1,1116,1115,1742,-1,1119,1118,1743,-1,1122,1121,1744,-1,1125,1124,1745,-1,1128,1127,1746,-1,1131,1130,1747,-1,1134,1133,1748,-1,1137,1136,1749,-1,1146,1145,1750,-1,1149,1148,1751,-1,1152,1151,1752,-1,1155,1154,1753,-1,1158,1157,1754,-1,1161,1160,1755,-1,1164,1163,1756,-1,1167,1166,1757,-1,1282,1281,1758,-1,1279,1278,1759,-1,1276,1275,1760,-1,1273,1272,1761,-1,1270,1269,1762,-1,1268,1266,1763,-1,1264,1262,1764,-1,1261,1259,1765,-1,1258,1256,1766,-1,1255,1253,1767,-1,1252,1250,1768,-1,1249,1247,1769,-1,1246,1245,1770,-1,1244,1243,1771,-1,1170,1169,1772,-1,1173,1172,1773,-1,1176,1175,1774,-1,1179,1178,1775,-1,1182,1181,1776,-1,1185,1184,1777,-1,1188,1187,1778,-1,1194,1193,1779,-1,1197,1196,1780,-1,1200,1199,1781,-1,1203,1202,1782,-1,1206,1205,1783,-1,1209,1208,1784,-1,1212,1211,1785,-1,1215,1214,1786,-1,1218,1217,1787,-1,1235,1234,1788,-1,1232,1231,1789,-1,1229,1228,1790,-1,1226,1225,1791,-1,1223,1222,1792,-1,1793,1794,1795,-1,1796,1797,1798,-1,1799,1800,1801,-1,1802,1803,1804,-1,1805,1806,1807,-1,1808,1809,1810,-1,1811,1812,1813,-1,1814,1815,1816,-1,1817,1818,1819,-1,1820,1821,1822,-1,1823,1824,1825,-1,1826,1827,1828,-1,1829,1830,1831,-1,1830,1829,1832,-1,1833,1834,1835,-1,1836,1837,1838,-1,1839,1840,1841,-1,1842,1843,1844,-1,1845,1846,1847,-1,1848,1849,1850,-1,1851,1852,1853,-1,1854,1855,1856,-1,1857,1858,1859,-1,1860,1861,1862,-1,1863,1864,1865,-1,1864,1863,1866,-1,1867,1868,1869,-1,1870,1871,1872,-1,1873,1874,1797,-1,1874,1875,1797,-1,1797,1875,1876,-1,1797,1876,1798,-1,1798,1876,1870,-1,1871,1877,1878,-1,1878,1877,1879,-1,1878,1879,1880,-1,1881,1880,1867,-1,1868,1882,1883,-1,1883,1882,1884,-1,1883,1884,1866,-1,1885,1865,1860,-1,1861,1886,1887,-1,1887,1886,1888,-1,1887,1888,1889,-1,1890,1889,1857,-1,1854,1856,1858,-1,1851,1853,1891,-1,1845,1847,1892,-1,1842,1844,1893,-1,1839,1841,1894,-1,1833,1835,1895,-1,1896,1897,1794,-1,1897,1898,1794,-1,1794,1898,1899,-1,1794,1899,1795,-1,1795,1899,1900,-1,1900,1901,1902,-1,1902,1901,1903,-1,1903,1904,1905,-1,1905,1904,1832,-1,1906,1831,1826,-1,1827,1907,1908,-1,1908,1907,1909,-1,1908,1909,1910,-1,1911,1910,1823,-1,1824,1912,1913,-1,1913,1912,1914,-1,1913,1914,1915,-1,1916,1915,1917,-1,1917,1918,1919,-1,1919,1918,1820,-1,1814,1816,1920,-1,1811,1813,1921,-1,1805,1807,1922,-1,1802,1804,1923,-1,1799,1801,1924,-1,1925,1873,1926,-1,1926,1873,1797,-1,1926,1797,1927,-1,1927,1797,1796,-1,1927,1796,1928,-1,1929,1896,1930,-1,1930,1896,1794,-1,1930,1794,1931,-1,1931,1794,1793,-1,1931,1793,1932,-1,1933,1925,1934,-1,1934,1925,1926,-1,1934,1926,1935,-1,1935,1926,1927,-1,1935,1927,1936,-1,1936,1927,1928,-1,1936,1928,1792,-1,1937,1929,1938,-1,1938,1929,1930,-1,1938,1930,1939,-1,1939,1930,1931,-1,1939,1931,1940,-1,1940,1931,1932,-1,1940,1932,1763,-1,1941,1942,1943,-1,1944,1945,1946,-1,1947,1933,1948,-1,1948,1933,1934,-1,1948,1934,1949,-1,1949,1934,1935,-1,1949,1935,1950,-1,1950,1935,1936,-1,1950,1936,1951,-1,1951,1936,1792,-1,1951,1792,1221,-1,1221,1792,1222,-1,1870,1872,1798,-1,1798,1872,1952,-1,1798,1952,1796,-1,1796,1952,1953,-1,1796,1953,1928,-1,1928,1953,1791,-1,1928,1791,1792,-1,1792,1791,1225,-1,1792,1225,1223,-1,1871,1878,1872,-1,1872,1878,1954,-1,1872,1954,1952,-1,1952,1954,1955,-1,1952,1955,1953,-1,1953,1955,1790,-1,1953,1790,1791,-1,1791,1790,1228,-1,1791,1228,1226,-1,1880,1881,1878,-1,1878,1881,1956,-1,1878,1956,1954,-1,1954,1956,1957,-1,1954,1957,1955,-1,1955,1957,1789,-1,1955,1789,1790,-1,1790,1789,1231,-1,1790,1231,1229,-1,1867,1869,1881,-1,1881,1869,1958,-1,1881,1958,1956,-1,1956,1958,1959,-1,1956,1959,1957,-1,1957,1959,1788,-1,1957,1788,1789,-1,1789,1788,1234,-1,1789,1234,1232,-1,1868,1883,1869,-1,1869,1883,1960,-1,1869,1960,1958,-1,1958,1960,1961,-1,1958,1961,1959,-1,1959,1961,1787,-1,1959,1787,1788,-1,1788,1787,1217,-1,1788,1217,1235,-1,1866,1863,1883,-1,1883,1863,1962,-1,1883,1962,1960,-1,1960,1962,1963,-1,1960,1963,1961,-1,1961,1963,1786,-1,1961,1786,1787,-1,1787,1786,1214,-1,1787,1214,1218,-1,1865,1885,1863,-1,1863,1885,1964,-1,1863,1964,1962,-1,1962,1964,1965,-1,1962,1965,1963,-1,1963,1965,1785,-1,1963,1785,1786,-1,1786,1785,1211,-1,1786,1211,1215,-1,1860,1862,1885,-1,1885,1862,1966,-1,1885,1966,1964,-1,1964,1966,1967,-1,1964,1967,1965,-1,1965,1967,1784,-1,1965,1784,1785,-1,1785,1784,1208,-1,1785,1208,1212,-1,1861,1887,1862,-1,1862,1887,1968,-1,1862,1968,1966,-1,1966,1968,1969,-1,1966,1969,1967,-1,1967,1969,1783,-1,1967,1783,1784,-1,1784,1783,1205,-1,1784,1205,1209,-1,1889,1890,1887,-1,1887,1890,1970,-1,1887,1970,1968,-1,1968,1970,1971,-1,1968,1971,1969,-1,1969,1971,1782,-1,1969,1782,1783,-1,1783,1782,1202,-1,1783,1202,1206,-1,1857,1859,1890,-1,1890,1859,1972,-1,1890,1972,1970,-1,1970,1972,1973,-1,1970,1973,1971,-1,1971,1973,1781,-1,1971,1781,1782,-1,1782,1781,1199,-1,1782,1199,1203,-1,1858,1856,1859,-1,1859,1856,1974,-1,1859,1974,1972,-1,1972,1974,1975,-1,1972,1975,1973,-1,1973,1975,1780,-1,1973,1780,1781,-1,1781,1780,1196,-1,1781,1196,1200,-1,1856,1976,1974,-1,1974,1976,1977,-1,1974,1977,1975,-1,1975,1977,1779,-1,1975,1779,1780,-1,1780,1779,1193,-1,1780,1193,1197,-1,1976,1941,1977,-1,1977,1941,1943,-1,1977,1943,1779,-1,1779,1943,1190,-1,1779,1190,1194,-1,1241,1240,1978,-1,1978,1240,1942,-1,1978,1942,1979,-1,1979,1942,1941,-1,1979,1941,1980,-1,1980,1941,1976,-1,1980,1976,1981,-1,1981,1976,1856,-1,1981,1856,1982,-1,1982,1856,1855,-1,1240,1239,1942,-1,1942,1239,1237,-1,1942,1237,1943,-1,1943,1237,1191,-1,1943,1191,1190,-1,1187,1241,1778,-1,1778,1241,1978,-1,1778,1978,1983,-1,1983,1978,1979,-1,1983,1979,1984,-1,1984,1979,1980,-1,1984,1980,1985,-1,1985,1980,1981,-1,1985,1981,1986,-1,1986,1981,1982,-1,1184,1188,1777,-1,1777,1188,1778,-1,1777,1778,1987,-1,1987,1778,1983,-1,1987,1983,1988,-1,1988,1983,1984,-1,1988,1984,1853,-1,1853,1984,1985,-1,1853,1985,1891,-1,1891,1985,1986,-1,1181,1185,1776,-1,1776,1185,1777,-1,1776,1777,1989,-1,1989,1777,1987,-1,1989,1987,1990,-1,1990,1987,1988,-1,1990,1988,1850,-1,1850,1988,1853,-1,1850,1853,1848,-1,1848,1853,1852,-1,1178,1182,1775,-1,1775,1182,1776,-1,1775,1776,1991,-1,1991,1776,1989,-1,1991,1989,1992,-1,1992,1989,1990,-1,1992,1990,1993,-1,1993,1990,1850,-1,1993,1850,1994,-1,1994,1850,1849,-1,1175,1179,1774,-1,1774,1179,1775,-1,1774,1775,1995,-1,1995,1775,1991,-1,1995,1991,1996,-1,1996,1991,1992,-1,1996,1992,1997,-1,1997,1992,1993,-1,1997,1993,1998,-1,1998,1993,1994,-1,1172,1176,1773,-1,1773,1176,1774,-1,1773,1774,1999,-1,1999,1774,1995,-1,1999,1995,2000,-1,2000,1995,1996,-1,2000,1996,1847,-1,1847,1996,1997,-1,1847,1997,1892,-1,1892,1997,1998,-1,1169,1173,1772,-1,1772,1173,1773,-1,1772,1773,2001,-1,2001,1773,1999,-1,2001,1999,2002,-1,2002,1999,2000,-1,2002,2000,2003,-1,2003,2000,1847,-1,2003,1847,2004,-1,2004,1847,1846,-1,1243,1170,1771,-1,1771,1170,1772,-1,1771,1772,2005,-1,2005,1772,2001,-1,2005,2001,2006,-1,2006,2001,2002,-1,2006,2002,2007,-1,2007,2002,2003,-1,2007,2003,2008,-1,2008,2003,2004,-1,1245,1244,1770,-1,1770,1244,1771,-1,1770,1771,2009,-1,2009,1771,2005,-1,2009,2005,2010,-1,2010,2005,2006,-1,2010,2006,1844,-1,1844,2006,2007,-1,1844,2007,1893,-1,1893,2007,2008,-1,1247,1246,1769,-1,1769,1246,1770,-1,1769,1770,2011,-1,2011,1770,2009,-1,2011,2009,2012,-1,2012,2009,2010,-1,2012,2010,2013,-1,2013,2010,1844,-1,2013,1844,2014,-1,2014,1844,1843,-1,1250,1249,1768,-1,1768,1249,1769,-1,1768,1769,2015,-1,2015,1769,2011,-1,2015,2011,2016,-1,2016,2011,2012,-1,2016,2012,2017,-1,2017,2012,2013,-1,2017,2013,2018,-1,2018,2013,2014,-1,1253,1252,1767,-1,1767,1252,1768,-1,1767,1768,2019,-1,2019,1768,2015,-1,2019,2015,2020,-1,2020,2015,2016,-1,2020,2016,1841,-1,1841,2016,2017,-1,1841,2017,1894,-1,1894,2017,2018,-1,1256,1255,1766,-1,1766,1255,1767,-1,1766,1767,2021,-1,2021,1767,2019,-1,2021,2019,2022,-1,2022,2019,2020,-1,2022,2020,1838,-1,1838,2020,1841,-1,1838,1841,1836,-1,1836,1841,1840,-1,1259,1258,1765,-1,1765,1258,1766,-1,1765,1766,2023,-1,2023,1766,2021,-1,2023,2021,2024,-1,2024,2021,2022,-1,2024,2022,2025,-1,2025,2022,1838,-1,2025,1838,2026,-1,2026,1838,1837,-1,1262,1261,1764,-1,1764,1261,1765,-1,1764,1765,2027,-1,2027,1765,2023,-1,2027,2023,2028,-1,2028,2023,2024,-1,2028,2024,2029,-1,2029,2024,2025,-1,2029,2025,2030,-1,2030,2025,2026,-1,1265,1264,2031,-1,2031,1264,1764,-1,2031,1764,2032,-1,2032,1764,2027,-1,2032,2027,2033,-1,2033,2027,2028,-1,2033,2028,1835,-1,1835,2028,2029,-1,1835,2029,1895,-1,1895,2029,2030,-1,1834,1937,1835,-1,1835,1937,1938,-1,1835,1938,2033,-1,2033,1938,1939,-1,2033,1939,2032,-1,2032,1939,1940,-1,2032,1940,2031,-1,2031,1940,1763,-1,2031,1763,1265,-1,1265,1763,1266,-1,1900,1902,1795,-1,1795,1902,2034,-1,1795,2034,1793,-1,1793,2034,2035,-1,1793,2035,1932,-1,1932,2035,1762,-1,1932,1762,1763,-1,1763,1762,1269,-1,1763,1269,1268,-1,1903,1905,1902,-1,1902,1905,2036,-1,1902,2036,2034,-1,2034,2036,2037,-1,2034,2037,2035,-1,2035,2037,1761,-1,2035,1761,1762,-1,1762,1761,1272,-1,1762,1272,1270,-1,1832,1829,1905,-1,1905,1829,2038,-1,1905,2038,2036,-1,2036,2038,2039,-1,2036,2039,2037,-1,2037,2039,1760,-1,2037,1760,1761,-1,1761,1760,1275,-1,1761,1275,1273,-1,1831,1906,1829,-1,1829,1906,2040,-1,1829,2040,2038,-1,2038,2040,2041,-1,2038,2041,2039,-1,2039,2041,1759,-1,2039,1759,1760,-1,1760,1759,1278,-1,1760,1278,1276,-1,1826,1828,1906,-1,1906,1828,2042,-1,1906,2042,2040,-1,2040,2042,2043,-1,2040,2043,2041,-1,2041,2043,1758,-1,2041,1758,1759,-1,1759,1758,1281,-1,1759,1281,1279,-1,1827,1908,1828,-1,1828,1908,2044,-1,1828,2044,2042,-1,2042,2044,2045,-1,2042,2045,2043,-1,2043,2045,1757,-1,2043,1757,1758,-1,1758,1757,1166,-1,1758,1166,1282,-1,1910,1911,1908,-1,1908,1911,2046,-1,1908,2046,2044,-1,2044,2046,2047,-1,2044,2047,2045,-1,2045,2047,1756,-1,2045,1756,1757,-1,1757,1756,1163,-1,1757,1163,1167,-1,1823,1825,1911,-1,1911,1825,2048,-1,1911,2048,2046,-1,2046,2048,2049,-1,2046,2049,2047,-1,2047,2049,1755,-1,2047,1755,1756,-1,1756,1755,1160,-1,1756,1160,1164,-1,1824,1913,1825,-1,1825,1913,2050,-1,1825,2050,2048,-1,2048,2050,2051,-1,2048,2051,2049,-1,2049,2051,1754,-1,2049,1754,1755,-1,1755,1754,1157,-1,1755,1157,1161,-1,1915,1916,1913,-1,1913,1916,2052,-1,1913,2052,2050,-1,2050,2052,2053,-1,2050,2053,2051,-1,2051,2053,1753,-1,2051,1753,1754,-1,1754,1753,1154,-1,1754,1154,1158,-1,1917,1919,1916,-1,1916,1919,2054,-1,1916,2054,2052,-1,2052,2054,2055,-1,2052,2055,2053,-1,2053,2055,1752,-1,2053,1752,1753,-1,1753,1752,1151,-1,1753,1151,1155,-1,1820,1822,1919,-1,1919,1822,2056,-1,1919,2056,2054,-1,2054,2056,2057,-1,2054,2057,2055,-1,2055,2057,1751,-1,2055,1751,1752,-1,1752,1751,1148,-1,1752,1148,1152,-1,1822,2058,2056,-1,2056,2058,2059,-1,2056,2059,2057,-1,2057,2059,1750,-1,2057,1750,1751,-1,1751,1750,1145,-1,1751,1145,1149,-1,2058,1944,2059,-1,2059,1944,1946,-1,2059,1946,1750,-1,1750,1946,1142,-1,1750,1142,1146,-1,1286,1284,2060,-1,2060,1284,1945,-1,2060,1945,2061,-1,2061,1945,1944,-1,2061,1944,2062,-1,2062,1944,2058,-1,2062,2058,1819,-1,1819,2058,1822,-1,1819,1822,1817,-1,1817,1822,1821,-1,1284,1140,1945,-1,1945,1140,1139,-1,1945,1139,1946,-1,1946,1139,1143,-1,1946,1143,1142,-1,1136,1286,1749,-1,1749,1286,2060,-1,1749,2060,2063,-1,2063,2060,2061,-1,2063,2061,2064,-1,2064,2061,2062,-1,2064,2062,2065,-1,2065,2062,1819,-1,2065,1819,2066,-1,2066,1819,1818,-1,1133,1137,1748,-1,1748,1137,1749,-1,1748,1749,2067,-1,2067,1749,2063,-1,2067,2063,2068,-1,2068,2063,2064,-1,2068,2064,2069,-1,2069,2064,2065,-1,2069,2065,2070,-1,2070,2065,2066,-1,1130,1134,1747,-1,1747,1134,1748,-1,1747,1748,2071,-1,2071,1748,2067,-1,2071,2067,2072,-1,2072,2067,2068,-1,2072,2068,1816,-1,1816,2068,2069,-1,1816,2069,1920,-1,1920,2069,2070,-1,1127,1131,1746,-1,1746,1131,1747,-1,1746,1747,2073,-1,2073,1747,2071,-1,2073,2071,2074,-1,2074,2071,2072,-1,2074,2072,2075,-1,2075,2072,1816,-1,2075,1816,2076,-1,2076,1816,1815,-1,1124,1128,1745,-1,1745,1128,1746,-1,1745,1746,2077,-1,2077,1746,2073,-1,2077,2073,2078,-1,2078,2073,2074,-1,2078,2074,2079,-1,2079,2074,2075,-1,2079,2075,2080,-1,2080,2075,2076,-1,1121,1125,1744,-1,1744,1125,1745,-1,1744,1745,2081,-1,2081,1745,2077,-1,2081,2077,2082,-1,2082,2077,2078,-1,2082,2078,1813,-1,1813,2078,2079,-1,1813,2079,1921,-1,1921,2079,2080,-1,1118,1122,1743,-1,1743,1122,1744,-1,1743,1744,2083,-1,2083,1744,2081,-1,2083,2081,2084,-1,2084,2081,2082,-1,2084,2082,2085,-1,2085,2082,1813,-1,2085,1813,2086,-1,2086,1813,1812,-1,1115,1119,1742,-1,1742,1119,1743,-1,1742,1743,2087,-1,2087,1743,2083,-1,2087,2083,2088,-1,2088,2083,2084,-1,2088,2084,1810,-1,1810,2084,2085,-1,1810,2085,1808,-1,1808,2085,2086,-1,1287,1116,1741,-1,1741,1116,1742,-1,1741,1742,2089,-1,2089,1742,2087,-1,2089,2087,2090,-1,2090,2087,2088,-1,2090,2088,2091,-1,2091,2088,1810,-1,2091,1810,2092,-1,2092,1810,1809,-1,1289,1288,1740,-1,1740,1288,1741,-1,1740,1741,2093,-1,2093,1741,2089,-1,2093,2089,2094,-1,2094,2089,2090,-1,2094,2090,1807,-1,1807,2090,2091,-1,1807,2091,1922,-1,1922,2091,2092,-1,1291,1290,1739,-1,1739,1290,1740,-1,1739,1740,2095,-1,2095,1740,2093,-1,2095,2093,2096,-1,2096,2093,2094,-1,2096,2094,2097,-1,2097,2094,1807,-1,2097,1807,2098,-1,2098,1807,1806,-1,1294,1293,1738,-1,1738,1293,1739,-1,1738,1739,2099,-1,2099,1739,2095,-1,2099,2095,2100,-1,2100,2095,2096,-1,2100,2096,2101,-1,2101,2096,2097,-1,2101,2097,2102,-1,2102,2097,2098,-1,1297,1296,1737,-1,1737,1296,1738,-1,1737,1738,2103,-1,2103,1738,2099,-1,2103,2099,2104,-1,2104,2099,2100,-1,2104,2100,1804,-1,1804,2100,2101,-1,1804,2101,1923,-1,1923,2101,2102,-1,1300,1299,1736,-1,1736,1299,1737,-1,1736,1737,2105,-1,2105,1737,2103,-1,2105,2103,2106,-1,2106,2103,2104,-1,2106,2104,2107,-1,2107,2104,1804,-1,2107,1804,2108,-1,2108,1804,1803,-1,1303,1302,1735,-1,1735,1302,1736,-1,1735,1736,2109,-1,2109,1736,2105,-1,2109,2105,2110,-1,2110,2105,2106,-1,2110,2106,2111,-1,2111,2106,2107,-1,2111,2107,2112,-1,2112,2107,2108,-1,1306,1305,2113,-1,2113,1305,1735,-1,2113,1735,2114,-1,2114,1735,2109,-1,2114,2109,2115,-1,2115,2109,2110,-1,2115,2110,1801,-1,1801,2110,2111,-1,1801,2111,1924,-1,1924,2111,2112,-1,1800,1947,1801,-1,1801,1947,1948,-1,1801,1948,2115,-1,2115,1948,1949,-1,2115,1949,2114,-1,2114,1949,1950,-1,2114,1950,2113,-1,2113,1950,1951,-1,2113,1951,1306,-1,1306,1951,1221,-1,31,1925,1933,-1,31,1933,32,-1,1925,31,1873,-1,1873,31,15,-1,1873,15,1874,-1,1874,15,1875,-1,1875,15,14,-1,1875,14,1876,-1,39,1871,14,-1,14,1871,1870,-1,14,1870,1876,-1,1867,1880,38,-1,38,1880,1879,-1,38,1879,39,-1,39,1879,1877,-1,39,1877,1871,-1,1867,38,1868,-1,1868,38,37,-1,1868,37,1882,-1,1882,37,1884,-1,1884,37,26,-1,1884,26,1866,-1,1866,26,1864,-1,1864,26,25,-1,1864,25,1865,-1,23,1861,25,-1,25,1861,1860,-1,25,1860,1865,-1,1857,1889,22,-1,22,1889,1888,-1,22,1888,23,-1,23,1888,1886,-1,23,1886,1861,-1,1857,22,1858,-1,1858,22,36,-1,1858,36,1854,-1,1854,36,1855,-1,1855,36,35,-1,1855,35,1982,-1,34,1891,35,-1,35,1891,1986,-1,35,1986,1982,-1,48,1852,34,-1,34,1852,1851,-1,34,1851,1891,-1,1998,1994,47,-1,47,1994,1849,-1,47,1849,48,-1,48,1849,1848,-1,48,1848,1852,-1,1998,47,1892,-1,1892,47,46,-1,1892,46,1845,-1,1845,46,1846,-1,1846,46,41,-1,1846,41,2004,-1,40,1893,41,-1,41,1893,2008,-1,41,2008,2004,-1,2018,2014,45,-1,45,2014,1843,-1,45,1843,40,-1,40,1843,1842,-1,40,1842,1893,-1,2018,45,1894,-1,1894,45,1,-1,1894,1,1839,-1,1839,1,1840,-1,1840,1,0,-1,1840,0,1836,-1,1836,0,1837,-1,1837,0,54,-1,1837,54,2026,-1,53,1895,54,-1,54,1895,2030,-1,54,2030,2026,-1,1929,1937,52,-1,52,1937,1834,-1,52,1834,53,-1,53,1834,1833,-1,53,1833,1895,-1,1929,52,1896,-1,1896,52,43,-1,1896,43,1897,-1,1897,43,1898,-1,1898,43,42,-1,1898,42,1899,-1,51,1901,42,-1,42,1901,1900,-1,42,1900,1899,-1,50,1904,51,-1,51,1904,1903,-1,51,1903,1901,-1,1826,1831,49,-1,49,1831,1830,-1,49,1830,50,-1,50,1830,1832,-1,50,1832,1904,-1,1826,49,1827,-1,1827,49,27,-1,1827,27,1907,-1,1907,27,1909,-1,1909,27,29,-1,1909,29,1910,-1,21,1824,29,-1,29,1824,1823,-1,29,1823,1910,-1,1917,1915,20,-1,20,1915,1914,-1,20,1914,21,-1,21,1914,1912,-1,21,1912,1824,-1,1917,20,1918,-1,1918,20,19,-1,1918,19,1820,-1,1820,19,1821,-1,1821,19,18,-1,1821,18,1817,-1,1817,18,1818,-1,1818,18,17,-1,1818,17,2066,-1,16,1920,17,-1,17,1920,2070,-1,17,2070,2066,-1,2080,2076,12,-1,12,2076,1815,-1,12,1815,16,-1,16,1815,1814,-1,16,1814,1920,-1,2080,12,1921,-1,1921,12,11,-1,1921,11,1811,-1,10,2086,11,-1,11,2086,1812,-1,11,1812,1811,-1,9,1809,10,-1,10,1809,1808,-1,10,1808,2086,-1,8,1922,9,-1,9,1922,2092,-1,9,2092,1809,-1,2102,2098,6,-1,6,2098,1806,-1,6,1806,8,-1,8,1806,1805,-1,8,1805,1922,-1,2102,6,1923,-1,1923,6,4,-1,1923,4,1802,-1,1802,4,1803,-1,1803,4,3,-1,1803,3,2108,-1,33,1924,3,-1,3,1924,2112,-1,3,2112,2108,-1,1933,1947,32,-1,32,1947,1800,-1,32,1800,33,-1,33,1800,1799,-1,33,1799,1924,-1,2116,2117,2118,-1,2118,2117,2119,-1,2120,2116,2121,-1,2121,2116,2118,-1,2122,2120,2123,-1,2123,2120,2121,-1,2122,2123,2124,-1,2122,2124,2125,-1,2125,2124,2126,-1,2125,2126,2127,-1,2127,2126,2128,-1,2127,2128,2129,-1,2129,2128,2130,-1,2129,2130,2131,-1,2131,2130,2132,-1,2131,2132,2133,-1,2133,2132,2134,-1,2133,2134,2135,-1,28,2135,30,-1,30,2135,2134,-1,2136,44,2137,-1,2137,44,2,-1,2136,2137,2138,-1,2138,2137,2139,-1,2138,2139,2140,-1,2140,2139,2141,-1,2140,2141,2142,-1,2142,2141,2143,-1,2142,2143,2144,-1,2144,2143,2145,-1,2144,2145,2146,-1,2146,2145,2147,-1,2146,2147,2117,-1,2117,2147,2119,-1,2116,2120,2117,-1,2117,2120,2122,-1,2117,2122,2146,-1,2146,2122,2125,-1,2146,2125,2144,-1,2144,2125,2127,-1,2144,2127,2142,-1,2142,2127,2129,-1,2142,2129,2140,-1,2140,2129,2131,-1,2140,2131,2138,-1,2138,2131,2133,-1,2138,2133,2136,-1,2136,2133,2135,-1,2136,2135,44,-1,44,2135,28,-1,2,30,2137,-1,2137,30,2134,-1,2137,2134,2139,-1,2139,2134,2132,-1,2139,2132,2141,-1,2141,2132,2130,-1,2141,2130,2143,-1,2143,2130,2128,-1,2143,2128,2145,-1,2145,2128,2126,-1,2145,2126,2147,-1,2147,2126,2124,-1,2147,2124,2119,-1,2119,2124,2123,-1,2119,2123,2118,-1,2118,2123,2121,-1,2148,2149,2150,-1,2150,2149,2151,-1,2148,2150,2152,-1,2152,2150,2153,-1,2152,2153,2154,-1,2154,2153,2155,-1,2154,2155,2156,-1,2156,2155,2157,-1,2156,2157,2158,-1,2158,2157,2159,-1,2158,2159,2160,-1,2160,2159,2161,-1,2160,2161,2162,-1,2162,2161,2163,-1,5,2162,13,-1,13,2162,2163,-1,2164,7,2165,-1,2165,7,24,-1,2164,2165,2166,-1,2164,2166,2167,-1,2167,2166,2168,-1,2167,2168,2169,-1,2169,2168,2170,-1,2169,2170,2171,-1,2171,2170,2172,-1,2171,2172,2173,-1,2173,2172,2174,-1,2173,2174,2175,-1,2175,2174,2176,-1,2175,2176,2177,-1,2178,2177,2179,-1,2179,2177,2176,-1,2149,2178,2151,-1,2151,2178,2179,-1,5,7,2162,-1,2162,7,2164,-1,2162,2164,2160,-1,2160,2164,2167,-1,2160,2167,2158,-1,2158,2167,2169,-1,2158,2169,2156,-1,2156,2169,2171,-1,2156,2171,2154,-1,2154,2171,2173,-1,2154,2173,2152,-1,2152,2173,2175,-1,2152,2175,2148,-1,2148,2175,2177,-1,2148,2177,2149,-1,2149,2177,2178,-1,2151,2179,2150,-1,2150,2179,2176,-1,2150,2176,2153,-1,2153,2176,2174,-1,2153,2174,2155,-1,2155,2174,2172,-1,2155,2172,2157,-1,2157,2172,2170,-1,2157,2170,2159,-1,2159,2170,2168,-1,2159,2168,2161,-1,2161,2168,2166,-1,2161,2166,2163,-1,2163,2166,2165,-1,2163,2165,13,-1,13,2165,24,-1,
        ]
    }
}
Shape{
    appearance Appearance {
        material  Material 	{
            diffuseColor 0.20784313725490197 0.20784313725490197 0.20784313725490197
            specularColor 0.01568627450980392 0.01568627450980392 0.01568627450980392
            ambientIntensity 0.298
            transparency 0.0
            shininess 0.5
        }
    }
    geometry IndexedFaceSet {
        ccw TRUE
        solid FALSE
        coord DEF co Coordinate {
            point [
                -0.3371 0.6801 0.1181, -0.3758 0.6845 0.1181, -0.2519 0.9757 0.1181, -0.7202 0.6417 0.1181, -0.7202 0.9922 0.1181, -0.5713 0.9922 0.1181, -0.8169 -0.1875 0.1181, -0.7721 -0.1531 0.1181, -0.2065 -2.0472 0.1181, -0.2892 0.6863 0.1181, -0.2449 0.9718 0.1181, -0.2449 0.7053 0.1181, -0.2449 0.6525 0.1181, -0.5169 0.7453 0.1181, -0.4938 0.7085 0.1181, -0.7377 0.1083 0.1181, -0.7721 0.1531 0.1181, -0.773 0.6417 0.1181, -0.8169 0.1875 0.1181, -0.773 1.0354 0.1181, -0.8692 0.2092 0.1181, -0.9252 0.2165 0.1181, -0.5321 0.79 0.1181, -0.4053 0.6951 0.1181, -0.4325 0.7133 0.1181, -0.4563 0.7396 0.1181, -0.4849 0.8428 0.1181, -0.4809 0.8854 0.1181, -0.4702 0.9193 0.1181, -0.3826 0.9929 0.1181, -0.3459 0.997 0.1181, -0.4113 0.9823 0.1181, -0.4355 0.966 0.1181, -0.454 0.9466 0.1181, -0.2937 0.9912 0.1181, -2.0472 -1.1811 0.1181, -2.0472 -0.2165 0.1181, -1.1811 -2.0472 0.1181, -0.9252 -0.2165 0.1181, -0.8692 -0.2092 0.1181, -0.7377 -0.1083 0.1181, -0.716 -0.056 0.1181, -0.7087 -0.0 0.1181, -0.3763 1.0378 0.1181, -0.5713 1.0354 0.1181, -0.4017 1.0352 0.1181, -0.4399 1.0221 0.1181, -0.4715 1.0018 0.1181, -0.5011 0.9707 0.1181, -0.4726 0.77 0.1181, -0.483 0.8121 0.1181, -0.4582 0.6743 0.1181, -0.4208 0.6528 0.1181, -0.3769 0.6401 0.1181, -0.5221 0.9333 0.1181, -0.5339 0.8916 0.1181, -0.5377 0.846 0.1181, -0.3375 0.6369 0.1181, -0.2904 0.6402 0.1181, -0.716 0.056 0.1181, -0.2449 1.015 0.1181, -0.2868 1.0322 0.1181, -0.2065 1.0378 0.1181, -0.3266 1.0378 0.1181, -0.2065 2.0472 0.1181, -0.3424 1.04 0.1181, -0.3532 1.0402 0.1181, -1.1811 2.0472 0.1181, -2.0472 1.1811 0.1181, -2.0472 1.0378 0.1181, -2.0472 0.2165 0.1181, 0.7634 1.0354 0.1181, 0.7236 0.925 0.1181, 0.5609 0.925 0.1181, 0.024 0.8578 0.1181, -0.1152 0.8578 0.1181, -0.1152 0.9922 0.1181, 0.4657 1.0354 0.1181, 0.4314 0.8863 0.1181, 0.4173 0.9275 0.1181, 0.12 1.0354 0.1181, 0.12 0.6417 0.1181, 0.0432 0.9922 0.1181, 0.0432 1.0354 0.1181, -0.168 1.0354 0.1181, -0.168 0.6417 0.1181, 0.0336 0.6417 0.1181, 2.0472 -2.0472 0.1181, 0.5233 1.0354 0.1181, 2.0472 1.0378 0.1181, 0.821 1.0354 0.1181, 0.6674 0.6417 0.1181, 0.3947 0.9627 0.1181, 0.3623 0.9938 0.1181, 0.3212 1.0176 0.1181, 0.7721 0.1531 0.1181, 0.7377 0.1083 0.1181, 0.6146 0.6417 0.1181, 2.0472 0.2165 0.1181, 0.9252 0.2165 0.1181, -0.1152 0.6849 0.1181, -0.1152 0.8146 0.1181, 0.0336 0.6849 0.1181, 0.024 0.8146 0.1181, 0.2271 1.0354 0.1181, 0.2758 1.0312 0.1181, 0.7377 -0.1083 0.1181, 0.7721 -0.1531 0.1181, 0.8169 -0.1875 0.1181, 0.8692 -0.2092 0.1181, 0.9252 -0.2165 0.1181, 2.0472 -0.2165 0.1181, 0.716 0.056 0.1181, 0.7087 0.0 0.1181, 0.716 -0.056 0.1181, 0.8692 0.2092 0.1181, 0.8169 0.1875 0.1181, 0.2311 0.6417 0.1181, 0.4052 0.724 0.1181, 0.4235 0.7579 0.1181, 0.4341 0.7967 0.1181, 0.4369 0.8336 0.1181, 0.288 0.6478 0.1181, 0.334 0.664 0.1181, 0.3769 0.6927 0.1181, 0.3774 0.6931 0.1181, 2.0472 2.0472 0.1181, 2.0472 -0.7874 0.9711, 2.0472 -2.0472 0.9711, 2.0472 -0.7874 0.3543, 2.0472 2.0472 0.9711, 2.0472 0.7874 0.9711, 2.0472 0.7874 0.3543, 2.0472 -0.2165 0.1969, 2.0472 0.2165 0.1969, -0.7874 1.847 0.3543, -0.7874 1.847 0.6168, -0.9841 1.7502 0.3543, -0.9841 1.7502 0.6168, -1.1691 1.6324 0.3543, -1.1691 1.6324 0.6168, -1.3401 1.4952 0.3543, -1.3401 1.4952 0.6168, -1.4952 1.3401 0.3543, -1.4952 1.3401 0.6168, -1.6324 1.1691 0.3543, -1.6324 1.1691 0.6168, -1.7502 0.9841 0.3543, -1.7502 0.9841 0.6168, -1.847 0.7874 0.3543, -1.847 0.7874 0.6168, -1.847 -0.7874 0.3543, -1.847 -0.7874 0.6168, -1.7502 -0.9841 0.3543, -1.7502 -0.9841 0.6168, -1.6324 -1.1691 0.3543, -1.6324 -1.1691 0.6168, -1.4952 -1.3401 0.3543, -1.4952 -1.3401 0.6168, -1.3401 -1.4952 0.3543, -1.3401 -1.4952 0.6168, -1.1691 -1.6324 0.3543, -1.1691 -1.6324 0.6168, -0.9841 -1.7502 0.3543, -0.9841 -1.7502 0.6168, -0.7874 -1.847 0.3543, -0.7874 -1.847 0.6168, -0.7874 -2.0472 0.3543, -0.7874 -2.0472 0.6168, -1.1811 -2.0472 0.6168, 0.7874 -2.0472 0.3543, 0.7874 -2.0472 0.9711, -2.0472 -1.1811 0.6168, -2.0472 0.2165 0.1969, -2.0472 0.7874 0.3543, -2.0472 0.7874 0.6168, -2.0472 1.1811 0.6168, -2.0472 -0.7874 0.6168, -2.0472 -0.7874 0.3543, -2.0472 -0.2165 0.1969, -1.1811 2.0472 0.6168, 0.7874 2.0472 0.3543, 0.7874 2.0472 0.9711, -0.7874 2.0472 0.6168, -0.7874 2.0472 0.3543, 1.847 0.7874 0.3543, 1.847 0.7874 0.9711, 1.7502 0.9841 0.3543, 1.7502 0.9841 0.9711, 1.6324 1.1691 0.3543, 1.6324 1.1691 0.9711, 1.4952 1.3401 0.3543, 1.4952 1.3401 0.9711, 1.3401 1.4952 0.3543, 1.3401 1.4952 0.9711, 1.1691 1.6324 0.3543, 1.1691 1.6324 0.9711, 0.9841 1.7502 0.3543, 0.9841 1.7502 0.9711, 0.7874 1.847 0.3543, 0.7874 1.847 0.9711, 0.7874 -1.847 0.3543, 0.7874 -1.847 0.9711, 0.9841 -1.7502 0.3543, 0.9841 -1.7502 0.9711, 1.1691 -1.6324 0.3543, 1.1691 -1.6324 0.9711, 1.3401 -1.4952 0.3543, 1.3401 -1.4952 0.9711, 1.4952 -1.3401 0.3543, 1.4952 -1.3401 0.9711, 1.6324 -1.1691 0.3543, 1.6324 -1.1691 0.9711, 1.7502 -0.9841 0.3543, 1.7502 -0.9841 0.9711, 1.847 -0.7874 0.3543, 1.847 -0.7874 0.9711, -0.9252 -0.2165 0.1969, -0.9252 0.2165 0.1969, -0.8692 0.2092 0.1969, -0.8169 0.1875 0.1969, -0.7721 0.1531 0.1969, -0.7377 0.1083 0.1969, -0.716 0.056 0.1969, -0.7087 -0.0 0.1969, -0.716 -0.056 0.1969, -0.7377 -0.1083 0.1969, -0.7721 -0.1531 0.1969, -0.8169 -0.1875 0.1969, -0.8692 -0.2092 0.1969, 0.9252 0.2165 0.1969, 0.9252 -0.2165 0.1969, 0.8692 -0.2092 0.1969, 0.8169 -0.1875 0.1969, 0.7721 -0.1531 0.1969, 0.7377 -0.1083 0.1969, 0.716 -0.056 0.1969, 0.7087 0.0 0.1969, 0.716 0.056 0.1969, 0.7377 0.1083 0.1969, 0.7721 0.1531 0.1969, 0.8169 0.1875 0.1969, 0.8692 0.2092 0.1969, 0.6674 0.6417 0.126, 0.821 1.0354 0.126
            ]
        }
        coordIndex [
            0,1,2,-1,3,4,5,-1,6,7,8,-1,0,2,9,-1,9,2,10,-1,9,10,11,-1,11,10,8,-1,11,8,12,-1,13,14,8,-1,15,16,17,-1,17,16,18,-1,17,18,19,-1,19,18,20,-1,19,20,21,-1,13,8,22,-1,1,23,2,-1,2,23,24,-1,2,24,25,-1,26,27,2,-1,2,27,28,-1,29,30,31,-1,31,30,32,-1,28,33,2,-1,2,33,32,-1,2,32,34,-1,34,32,30,-1,35,36,37,-1,37,36,38,-1,37,38,8,-1,8,38,39,-1,8,39,6,-1,7,40,8,-1,8,40,41,-1,8,41,42,-1,19,43,44,-1,44,43,45,-1,44,45,46,-1,46,47,44,-1,44,47,48,-1,44,48,5,-1,25,49,2,-1,2,49,50,-1,2,50,26,-1,14,51,8,-1,8,51,52,-1,8,52,53,-1,48,54,5,-1,5,54,55,-1,5,55,56,-1,53,57,8,-1,8,57,58,-1,8,58,12,-1,56,22,5,-1,5,22,8,-1,5,8,3,-1,3,8,42,-1,3,42,17,-1,17,42,59,-1,17,59,15,-1,60,61,62,-1,62,61,63,-1,62,63,64,-1,63,65,64,-1,64,65,66,-1,64,66,43,-1,67,64,68,-1,68,64,43,-1,68,43,69,-1,69,43,19,-1,69,19,70,-1,70,19,21,-1,71,72,73,-1,74,75,76,-1,77,78,79,-1,80,81,82,-1,83,84,62,-1,62,84,85,-1,86,87,85,-1,85,87,8,-1,85,8,62,-1,62,8,10,-1,62,10,60,-1,73,88,71,-1,71,88,89,-1,71,89,90,-1,90,89,91,-1,79,92,77,-1,77,92,93,-1,77,93,94,-1,95,96,97,-1,89,98,99,-1,100,101,102,-1,102,101,103,-1,102,103,81,-1,81,103,74,-1,81,74,82,-1,82,74,76,-1,82,83,80,-1,80,83,62,-1,80,62,104,-1,104,62,77,-1,104,77,105,-1,105,77,94,-1,106,107,87,-1,87,107,108,-1,108,109,87,-1,87,109,110,-1,87,110,111,-1,96,112,97,-1,97,112,113,-1,97,113,114,-1,89,99,91,-1,91,99,115,-1,91,115,97,-1,97,115,116,-1,97,116,95,-1,86,102,87,-1,87,102,81,-1,87,81,106,-1,106,81,117,-1,118,119,97,-1,97,119,120,-1,97,120,77,-1,77,120,121,-1,77,121,78,-1,117,122,106,-1,106,122,123,-1,106,123,114,-1,114,123,124,-1,114,124,97,-1,97,124,125,-1,97,125,118,-1,88,77,89,-1,89,77,62,-1,89,62,126,-1,126,62,64,-1,127,128,129,-1,129,128,87,-1,129,87,111,-1,130,131,132,-1,111,133,129,-1,129,133,134,-1,129,134,132,-1,126,130,89,-1,89,130,132,-1,89,132,98,-1,98,132,134,-1,135,136,137,-1,137,136,138,-1,137,138,139,-1,139,138,140,-1,139,140,141,-1,141,140,142,-1,141,142,143,-1,143,142,144,-1,143,144,145,-1,145,144,146,-1,145,146,147,-1,147,146,148,-1,147,148,149,-1,149,148,150,-1,151,152,153,-1,153,152,154,-1,153,154,155,-1,155,154,156,-1,155,156,157,-1,157,156,158,-1,157,158,159,-1,159,158,160,-1,159,160,161,-1,161,160,162,-1,161,162,163,-1,163,162,164,-1,163,164,165,-1,165,164,166,-1,167,168,169,-1,169,37,167,-1,167,37,8,-1,167,8,170,-1,170,8,87,-1,170,87,171,-1,171,87,128,-1,172,35,169,-1,169,35,37,-1,69,70,173,-1,174,175,69,-1,69,175,176,-1,69,176,68,-1,172,177,35,-1,35,177,178,-1,69,173,174,-1,174,173,179,-1,174,179,178,-1,178,179,36,-1,178,36,35,-1,180,67,176,-1,176,67,68,-1,181,182,130,-1,180,183,67,-1,67,183,184,-1,67,184,64,-1,64,184,181,-1,64,181,126,-1,126,181,130,-1,135,184,136,-1,136,184,183,-1,167,165,168,-1,168,165,166,-1,151,178,152,-1,152,178,177,-1,174,149,175,-1,175,149,150,-1,185,186,187,-1,187,186,188,-1,187,188,189,-1,189,188,190,-1,189,190,191,-1,191,190,192,-1,191,192,193,-1,193,192,194,-1,193,194,195,-1,195,194,196,-1,195,196,197,-1,197,196,198,-1,197,198,199,-1,199,198,200,-1,196,194,130,-1,130,194,192,-1,186,131,188,-1,188,131,130,-1,188,130,190,-1,190,130,192,-1,182,200,130,-1,130,200,198,-1,130,198,196,-1,201,202,203,-1,203,202,204,-1,203,204,205,-1,205,204,206,-1,205,206,207,-1,207,206,208,-1,207,208,209,-1,209,208,210,-1,209,210,211,-1,211,210,212,-1,211,212,213,-1,213,212,214,-1,213,214,215,-1,215,214,216,-1,127,216,128,-1,128,216,214,-1,214,212,128,-1,128,212,210,-1,128,210,208,-1,202,171,204,-1,204,171,128,-1,204,128,206,-1,206,128,208,-1,129,132,215,-1,215,132,185,-1,181,184,199,-1,199,184,135,-1,199,135,197,-1,209,211,185,-1,185,211,213,-1,185,213,215,-1,167,170,165,-1,165,170,201,-1,174,178,149,-1,149,178,151,-1,203,205,185,-1,185,205,207,-1,185,207,209,-1,185,187,135,-1,135,187,189,-1,135,189,191,-1,203,185,201,-1,201,185,135,-1,201,135,137,-1,191,193,135,-1,135,193,195,-1,135,195,197,-1,137,139,201,-1,201,139,141,-1,201,141,143,-1,143,145,201,-1,201,145,147,-1,201,147,165,-1,165,147,149,-1,165,149,163,-1,151,153,149,-1,149,153,155,-1,149,155,157,-1,157,159,149,-1,149,159,161,-1,149,161,163,-1,181,199,182,-1,182,199,200,-1,171,202,170,-1,170,202,201,-1,131,186,132,-1,132,186,185,-1,129,215,127,-1,127,215,216,-1,175,150,176,-1,176,150,148,-1,136,183,138,-1,138,183,180,-1,138,180,140,-1,148,146,176,-1,176,146,144,-1,176,144,180,-1,180,144,142,-1,180,142,140,-1,168,166,169,-1,169,166,164,-1,164,162,169,-1,169,162,160,-1,169,160,172,-1,172,160,158,-1,152,177,154,-1,154,177,172,-1,154,172,156,-1,156,172,158,-1,217,38,179,-1,179,38,36,-1,218,21,219,-1,219,21,20,-1,219,20,220,-1,220,20,18,-1,220,18,221,-1,221,18,16,-1,221,16,222,-1,222,16,15,-1,222,15,223,-1,223,15,59,-1,223,59,224,-1,224,59,42,-1,224,42,225,-1,225,42,41,-1,225,41,226,-1,226,41,40,-1,226,40,227,-1,227,40,7,-1,227,7,228,-1,228,7,6,-1,228,6,229,-1,229,6,39,-1,229,39,217,-1,217,39,38,-1,21,218,70,-1,70,218,173,-1,218,224,225,-1,179,173,217,-1,217,173,218,-1,217,218,229,-1,229,218,228,-1,225,226,218,-1,218,226,227,-1,218,227,228,-1,220,221,219,-1,219,221,222,-1,219,222,218,-1,218,222,223,-1,218,223,224,-1,99,98,230,-1,230,98,134,-1,231,110,232,-1,232,110,109,-1,232,109,233,-1,233,109,108,-1,233,108,234,-1,234,108,107,-1,234,107,235,-1,235,107,106,-1,235,106,236,-1,236,106,114,-1,236,114,237,-1,237,114,113,-1,237,113,238,-1,238,113,112,-1,238,112,239,-1,239,112,96,-1,239,96,240,-1,240,96,95,-1,240,95,241,-1,241,95,116,-1,241,116,242,-1,242,116,115,-1,242,115,230,-1,230,115,99,-1,231,133,110,-1,110,133,111,-1,134,133,230,-1,230,133,231,-1,230,231,232,-1,232,233,230,-1,230,233,234,-1,230,234,235,-1,241,237,240,-1,240,237,238,-1,240,238,239,-1,235,236,230,-1,230,236,237,-1,230,237,242,-1,242,237,241,-1,243,244,91,-1,91,244,90,-1,
        ]
    }
}
Shape{
    appearance Appearance {
        material  Material 	{
            diffuseColor 1.0 1.0 1.0
            specularColor 0.8784313725490196 0.8784313725490196 0.8784313725490196
            ambientIntensity 1.0
            transparency 0.0
            shininess 0.5
        }
    }
    geometry IndexedFaceSet {
        ccw TRUE
        solid FALSE
        coord DEF co Coordinate {
            point [
                0.821 1.0354 0.126, 0.7634 1.0354 0.126, 0.821 1.0354 0.1181, 0.7634 1.0354 0.1181, 0.7236 0.925 0.126, 0.7236 0.925 0.1181, 0.5609 0.925 0.126, 0.5609 0.925 0.1181, 0.5233 1.0354 0.126, 0.5233 1.0354 0.1181, 0.4657 1.0354 0.126, 0.4657 1.0354 0.1181, 0.6146 0.6417 0.126, 0.6146 0.6417 0.1181, 0.6674 0.6417 0.126, 0.6674 0.6417 0.1181, 0.5742 0.8818 0.126, 0.6329 0.7173 0.126, 0.6367 0.7037 0.126, 0.6392 0.6897 0.126, 0.6405 0.6897 0.126, 0.6431 0.7036 0.126, 0.7059 0.8818 0.126, 0.6466 0.7173 0.126, 0.5742 0.8818 0.1181, 0.7059 0.8818 0.1181, 0.6329 0.7173 0.1181, 0.6367 0.7037 0.1181, 0.6392 0.6897 0.1181, 0.6405 0.6897 0.1181, 0.6431 0.7036 0.1181, 0.6466 0.7173 0.1181, 0.2271 1.0354 0.126, 0.12 1.0354 0.126, 0.2271 1.0354 0.1181, 0.12 1.0354 0.1181, 0.12 0.6417 0.126, 0.12 0.6417 0.1181, 0.2311 0.6417 0.126, 0.2311 0.6417 0.1181, 0.4369 0.8336 0.126, 0.4369 0.8336 0.1181, 0.4341 0.7967 0.1181, 0.4341 0.7967 0.126, 0.4235 0.7579 0.1181, 0.4235 0.7579 0.126, 0.4052 0.724 0.1181, 0.4052 0.724 0.126, 0.3774 0.6931 0.1181, 0.3774 0.6931 0.126, 0.3769 0.6927 0.1181, 0.3769 0.6927 0.126, 0.334 0.664 0.1181, 0.334 0.664 0.126, 0.288 0.6478 0.1181, 0.288 0.6478 0.126, 0.2758 1.0312 0.1181, 0.2758 1.0312 0.126, 0.3212 1.0176 0.1181, 0.3212 1.0176 0.126, 0.3623 0.9938 0.1181, 0.3623 0.9938 0.126, 0.3947 0.9627 0.1181, 0.3947 0.9627 0.126, 0.4173 0.9275 0.1181, 0.4173 0.9275 0.126, 0.4314 0.8863 0.1181, 0.4314 0.8863 0.126, 0.3579 0.7401 0.126, 0.3388 0.7198 0.126, 0.31 0.7013 0.126, 0.2775 0.6899 0.126, 0.2309 0.6849 0.126, 0.1728 0.6849 0.126, 0.1728 0.9922 0.126, 0.2287 0.9922 0.126, 0.2703 0.9883 0.126, 0.3034 0.978 0.126, 0.3302 0.9621 0.126, 0.3523 0.9402 0.126, 0.3689 0.9131 0.126, 0.3805 0.8761 0.126, 0.3841 0.8347 0.126, 0.3808 0.7956 0.126, 0.3716 0.7644 0.126, 0.2309 0.6849 0.1181, 0.1728 0.6849 0.1181, 0.2775 0.6899 0.1181, 0.31 0.7013 0.1181, 0.3388 0.7198 0.1181, 0.3579 0.7401 0.1181, 0.3716 0.7644 0.1181, 0.3808 0.7956 0.1181, 0.3841 0.8347 0.1181, 0.3805 0.8761 0.1181, 0.3689 0.9131 0.1181, 0.3523 0.9402 0.1181, 0.3302 0.9621 0.1181, 0.3034 0.978 0.1181, 0.2703 0.9883 0.1181, 0.2287 0.9922 0.1181, 0.1728 0.9922 0.1181, 0.0432 0.9922 0.126, 0.0432 1.0354 0.126, 0.0432 0.9922 0.1181, 0.0432 1.0354 0.1181, -0.168 1.0354 0.126, -0.168 1.0354 0.1181, -0.168 0.6417 0.126, -0.168 0.6417 0.1181, 0.0336 0.6417 0.126, 0.0336 0.6417 0.1181, 0.0336 0.6849 0.126, 0.0336 0.6849 0.1181, -0.1152 0.6849 0.126, -0.1152 0.6849 0.1181, -0.1152 0.8146 0.126, -0.1152 0.8146 0.1181, 0.024 0.8146 0.126, 0.024 0.8146 0.1181, 0.024 0.8578 0.126, 0.024 0.8578 0.1181, -0.1152 0.8578 0.126, -0.1152 0.8578 0.1181, -0.1152 0.9922 0.126, -0.1152 0.9922 0.1181, -0.2449 0.9718 0.126, -0.2449 1.015 0.126, -0.2449 0.9718 0.1181, -0.2449 1.015 0.1181, -0.2868 1.0322 0.126, -0.3532 1.0402 0.126, -0.3532 1.0402 0.1181, -0.3424 1.04 0.1181, -0.3424 1.04 0.126, -0.3266 1.0378 0.1181, -0.2868 1.0322 0.1181, -0.5377 0.846 0.126, -0.5377 0.846 0.1181, -0.5339 0.8916 0.1181, -0.5339 0.8916 0.126, -0.5221 0.9333 0.1181, -0.5221 0.9333 0.126, -0.5011 0.9707 0.1181, -0.5011 0.9707 0.126, -0.4715 1.0018 0.1181, -0.4715 1.0018 0.126, -0.4399 1.0221 0.1181, -0.4399 1.0221 0.126, -0.4017 1.0352 0.1181, -0.4017 1.0352 0.126, -0.3763 1.0378 0.1181, -0.3375 0.6369 0.126, -0.3375 0.6369 0.1181, -0.3769 0.6401 0.1181, -0.3769 0.6401 0.126, -0.4208 0.6528 0.1181, -0.4208 0.6528 0.126, -0.4582 0.6743 0.1181, -0.4582 0.6743 0.126, -0.4938 0.7085 0.1181, -0.4938 0.7085 0.126, -0.5169 0.7453 0.1181, -0.5169 0.7453 0.126, -0.5321 0.79 0.1181, -0.5321 0.79 0.126, -0.2449 0.6525 0.126, -0.2449 0.6525 0.1181, -0.2904 0.6402 0.1181, -0.2904 0.6402 0.126, -0.2449 0.7053 0.126, -0.2449 0.7053 0.1181, -0.3371 0.6801 0.126, -0.3371 0.6801 0.1181, -0.2892 0.6863 0.1181, -0.2892 0.6863 0.126, -0.4849 0.8428 0.126, -0.4849 0.8428 0.1181, -0.483 0.8121 0.1181, -0.483 0.8121 0.126, -0.4726 0.77 0.1181, -0.4726 0.77 0.126, -0.4563 0.7396 0.1181, -0.4563 0.7396 0.126, -0.4325 0.7133 0.1181, -0.4325 0.7133 0.126, -0.4053 0.6951 0.1181, -0.4053 0.6951 0.126, -0.3758 0.6845 0.1181, -0.3758 0.6845 0.126, -0.3459 0.997 0.126, -0.3459 0.997 0.1181, -0.3826 0.9929 0.1181, -0.3826 0.9929 0.126, -0.4113 0.9823 0.1181, -0.4113 0.9823 0.126, -0.4355 0.966 0.1181, -0.4355 0.966 0.126, -0.454 0.9466 0.1181, -0.454 0.9466 0.126, -0.4702 0.9193 0.1181, -0.4702 0.9193 0.126, -0.4809 0.8854 0.1181, -0.4809 0.8854 0.126, -0.2519 0.9757 0.1181, -0.2519 0.9757 0.126, -0.2937 0.9912 0.1181, -0.2937 0.9912 0.126, -0.5713 0.9922 0.126, -0.5713 1.0354 0.126, -0.5713 0.9922 0.1181, -0.5713 1.0354 0.1181, -0.773 1.0354 0.126, -0.773 1.0354 0.1181, -0.773 0.6417 0.126, -0.773 0.6417 0.1181, -0.7202 0.6417 0.126, -0.7202 0.6417 0.1181, -0.7202 0.9922 0.126, -0.7202 0.9922 0.1181
            ]
        }
        coordIndex [
            0,1,2,-1,2,1,3,-1,1,4,3,-1,3,4,5,-1,4,6,5,-1,5,6,7,-1,6,8,7,-1,7,8,9,-1,8,10,9,-1,9,10,11,-1,10,12,11,-1,11,12,13,-1,12,14,13,-1,13,14,15,-1,16,17,12,-1,10,8,6,-1,17,18,12,-1,12,18,19,-1,12,19,14,-1,14,19,20,-1,14,20,21,-1,12,10,16,-1,16,10,6,-1,16,6,22,-1,22,6,4,-1,21,23,14,-1,14,23,22,-1,14,22,0,-1,0,22,4,-1,0,4,1,-1,16,22,24,-1,24,22,25,-1,17,16,26,-1,26,16,24,-1,17,26,27,-1,17,27,18,-1,18,27,28,-1,18,28,19,-1,20,19,29,-1,29,19,28,-1,20,29,30,-1,20,30,21,-1,21,30,31,-1,21,31,23,-1,22,23,25,-1,25,23,31,-1,32,33,34,-1,34,33,35,-1,33,36,35,-1,35,36,37,-1,36,38,37,-1,37,38,39,-1,40,41,42,-1,40,42,43,-1,43,42,44,-1,43,44,45,-1,45,44,46,-1,45,46,47,-1,47,46,48,-1,47,48,49,-1,49,48,50,-1,49,50,51,-1,51,50,52,-1,51,52,53,-1,53,52,54,-1,53,54,55,-1,55,54,39,-1,55,39,38,-1,32,34,56,-1,32,56,57,-1,57,56,58,-1,57,58,59,-1,59,58,60,-1,59,60,61,-1,61,60,62,-1,61,62,63,-1,63,62,64,-1,63,64,65,-1,65,64,66,-1,65,66,67,-1,67,66,41,-1,67,41,40,-1,45,47,68,-1,68,47,49,-1,68,49,69,-1,69,49,51,-1,69,51,70,-1,70,51,53,-1,70,53,71,-1,71,53,55,-1,71,55,72,-1,72,55,38,-1,72,38,73,-1,73,38,36,-1,73,36,74,-1,74,36,33,-1,74,33,75,-1,75,33,32,-1,75,32,76,-1,76,32,57,-1,76,57,77,-1,77,57,59,-1,77,59,78,-1,78,59,61,-1,78,61,79,-1,79,61,63,-1,79,63,80,-1,80,63,65,-1,80,65,81,-1,81,65,67,-1,81,67,82,-1,82,67,40,-1,82,40,83,-1,83,40,43,-1,83,43,84,-1,84,43,45,-1,84,45,68,-1,72,73,85,-1,85,73,86,-1,72,85,87,-1,72,87,71,-1,71,87,88,-1,71,88,70,-1,70,88,89,-1,70,89,69,-1,69,89,90,-1,69,90,68,-1,68,90,91,-1,68,91,84,-1,84,91,92,-1,84,92,83,-1,83,92,93,-1,83,93,82,-1,82,93,94,-1,82,94,81,-1,81,94,95,-1,81,95,80,-1,80,95,96,-1,80,96,79,-1,79,96,97,-1,79,97,78,-1,78,97,98,-1,78,98,77,-1,77,98,99,-1,77,99,76,-1,76,99,100,-1,76,100,75,-1,74,75,101,-1,101,75,100,-1,73,74,86,-1,86,74,101,-1,102,103,104,-1,104,103,105,-1,103,106,105,-1,105,106,107,-1,106,108,107,-1,107,108,109,-1,108,110,109,-1,109,110,111,-1,110,112,111,-1,111,112,113,-1,112,114,113,-1,113,114,115,-1,114,116,115,-1,115,116,117,-1,116,118,117,-1,117,118,119,-1,118,120,119,-1,119,120,121,-1,120,122,121,-1,121,122,123,-1,122,124,123,-1,123,124,125,-1,124,102,125,-1,125,102,104,-1,106,103,102,-1,102,124,106,-1,106,124,122,-1,106,122,108,-1,112,110,114,-1,114,110,108,-1,114,108,116,-1,116,108,122,-1,116,122,118,-1,118,122,120,-1,126,127,128,-1,128,127,129,-1,129,127,130,-1,131,132,133,-1,131,133,134,-1,134,133,135,-1,134,135,130,-1,130,135,136,-1,130,136,129,-1,137,138,139,-1,137,139,140,-1,140,139,141,-1,140,141,142,-1,142,141,143,-1,142,143,144,-1,144,143,145,-1,144,145,146,-1,146,145,147,-1,146,147,148,-1,148,147,149,-1,148,149,150,-1,150,149,131,-1,131,149,151,-1,131,151,132,-1,152,153,154,-1,152,154,155,-1,155,154,156,-1,155,156,157,-1,157,156,158,-1,157,158,159,-1,159,158,160,-1,159,160,161,-1,161,160,162,-1,161,162,163,-1,163,162,164,-1,163,164,165,-1,165,164,138,-1,165,138,137,-1,166,167,168,-1,166,168,169,-1,169,168,153,-1,169,153,152,-1,166,170,167,-1,167,170,171,-1,172,173,174,-1,172,174,175,-1,175,174,171,-1,175,171,170,-1,176,177,178,-1,176,178,179,-1,179,178,180,-1,179,180,181,-1,181,180,182,-1,181,182,183,-1,183,182,184,-1,183,184,185,-1,185,184,186,-1,185,186,187,-1,187,186,188,-1,187,188,189,-1,189,188,173,-1,189,173,172,-1,190,191,192,-1,190,192,193,-1,193,192,194,-1,193,194,195,-1,195,194,196,-1,195,196,197,-1,197,196,198,-1,197,198,199,-1,199,198,200,-1,199,200,201,-1,201,200,202,-1,201,202,203,-1,203,202,177,-1,203,177,176,-1,126,128,204,-1,126,204,205,-1,205,204,206,-1,205,206,207,-1,207,206,191,-1,207,191,190,-1,193,131,190,-1,190,131,134,-1,190,134,207,-1,207,134,130,-1,207,130,205,-1,205,130,127,-1,205,127,126,-1,170,166,175,-1,175,166,169,-1,175,169,172,-1,172,169,152,-1,172,152,189,-1,189,152,155,-1,189,155,187,-1,187,155,157,-1,187,157,185,-1,185,157,159,-1,185,159,183,-1,183,159,161,-1,183,161,181,-1,181,161,163,-1,181,163,179,-1,179,163,165,-1,179,165,176,-1,176,165,137,-1,176,137,203,-1,203,137,140,-1,203,140,201,-1,201,140,142,-1,201,142,199,-1,199,142,144,-1,199,144,197,-1,197,144,146,-1,197,146,195,-1,195,146,148,-1,195,148,193,-1,193,148,150,-1,193,150,131,-1,208,209,210,-1,210,209,211,-1,209,212,211,-1,211,212,213,-1,212,214,213,-1,213,214,215,-1,214,216,215,-1,215,216,217,-1,216,218,217,-1,217,218,219,-1,218,208,219,-1,219,208,210,-1,216,214,218,-1,218,214,212,-1,218,212,208,-1,208,212,209,-1,
        ]
    }
}
Shape{
    appearance Appearance {
        material  Material 	{
            diffuseColor 0.20784313725490197 0.20784313725490197 0.20784313725490197
            specularColor 0.01568627450980392 0.01568627450980392 0.01568627450980392
            ambientIntensity 0.298
            transparency 0.0
            shininess 0.5
        }
    }
    geometry IndexedFaceSet {
        ccw TRUE
        solid FALSE
        coord DEF co Coordinate {
            point [
                0.5742 0.8818 0.1181, 0.7059 0.8818 0.1181, 0.6329 0.7173 0.1181, 0.6466 0.7173 0.1181, 0.6367 0.7037 0.1181, 0.6431 0.7036 0.1181, 0.6392 0.6897 0.1181, 0.6405 0.6897 0.1181, 0.1728 0.6849 0.1181, 0.1728 0.9922 0.1181, 0.2309 0.6849 0.1181, 0.2287 0.9922 0.1181, 0.2703 0.9883 0.1181, 0.3841 0.8347 0.1181, 0.3808 0.7956 0.1181, 0.3716 0.7644 0.1181, 0.2775 0.6899 0.1181, 0.3034 0.978 0.1181, 0.3302 0.9621 0.1181, 0.3523 0.9402 0.1181, 0.3689 0.9131 0.1181, 0.3805 0.8761 0.1181, 0.3579 0.7401 0.1181, 0.3388 0.7198 0.1181, 0.31 0.7013 0.1181
            ]
        }
        coordIndex [
            0,1,2,-1,2,1,3,-1,2,3,4,-1,4,3,5,-1,4,5,6,-1,6,5,7,-1,8,9,10,-1,10,9,11,-1,10,11,12,-1,13,14,10,-1,10,14,15,-1,10,15,16,-1,12,17,10,-1,10,17,18,-1,10,18,19,-1,19,20,10,-1,10,20,21,-1,10,21,13,-1,22,23,15,-1,15,23,24,-1,15,24,16,-1,
        ]
    }
}